tensor_name,numel,nan_count,inf_count,is_finite,min,max,mean,std,l2_norm,shape,dtype,component
student.encoder.conv1.weight,3136,0,0,True,-0.22482889890670776,0.25585508346557617,-0.004099308978766203,0.08667703717947006,4.858566761016846,"[64, 1, 7, 7]",torch.float32,student_model
student.encoder.bn1.weight,64,0,0,True,0.9021939039230347,1.1059095859527588,0.9982581734657288,0.04240298271179199,7.993154525756836,[64],torch.float32,student_model
student.encoder.bn1.bias,64,0,0,True,-0.10052855312824249,0.12858307361602783,0.003948763944208622,0.05418090149760246,0.4312063157558441,[64],torch.float32,student_model
student.encoder.bn1.running_mean,64,0,0,True,-0.7628028988838196,0.8640239238739014,-0.11189685016870499,0.46150603890419006,3.7708845138549805,[64],torch.float32,student_model
student.encoder.bn1.running_var,64,0,0,True,0.004556614439934492,0.24877913296222687,0.07583837956190109,0.05656026303768158,0.7547413110733032,[64],torch.float32,student_model
student.encoder.bn1.num_batches_tracked,1,0,0,True,1452.0,1452.0,1452.0,0.0,1452.0,[],torch.int64,student_model
student.encoder.layer1.0.conv1.weight,36864,0,0,True,-0.2547563314437866,0.23863913118839264,-0.0015826054150238633,0.06341713666915894,12.179713249206543,"[64, 64, 3, 3]",torch.float32,student_model
student.encoder.layer1.0.bn1.weight,64,0,0,True,0.8990435600280762,1.100306510925293,0.9823800325393677,0.04816359654068947,7.868332862854004,[64],torch.float32,student_model
student.encoder.layer1.0.bn1.bias,64,0,0,True,-0.08023477345705032,0.09599335491657257,0.005386140663176775,0.04356732964515686,0.34847918152809143,[64],torch.float32,student_model
student.encoder.layer1.0.bn1.running_mean,64,0,0,True,-5.46853494644165,5.326098918914795,-0.6787789463996887,2.888532876968384,23.561315536499023,[64],torch.float32,student_model
student.encoder.layer1.0.bn1.running_var,64,0,0,True,2.32675838470459,38.971168518066406,14.211381912231445,7.913385391235352,129.88772583007812,[64],torch.float32,student_model
student.encoder.layer1.0.bn1.num_batches_tracked,1,0,0,True,1452.0,1452.0,1452.0,0.0,1452.0,[],torch.int64,student_model
student.encoder.layer1.0.conv2.weight,36864,0,0,True,-0.26813632249832153,0.28468024730682373,-0.004989411681890488,0.06440696865320206,12.4030179977417,"[64, 64, 3, 3]",torch.float32,student_model
student.encoder.layer1.0.bn2.weight,64,0,0,True,0.918504536151886,1.1571277379989624,0.9807544946670532,0.034043919295072556,7.850687503814697,[64],torch.float32,student_model
student.encoder.layer1.0.bn2.bias,64,0,0,True,-0.06420276314020157,0.09490688145160675,0.006770132575184107,0.0385601706802845,0.310817152261734,[64],torch.float32,student_model
student.encoder.layer1.0.bn2.running_mean,64,0,0,True,-4.118274211883545,2.0864100456237793,-1.2218704223632812,1.4964933395385742,15.383041381835938,[64],torch.float32,student_model
student.encoder.layer1.0.bn2.running_var,64,0,0,True,1.5234709978103638,23.160062789916992,7.91324520111084,4.722076892852783,73.56914520263672,[64],torch.float32,student_model
student.encoder.layer1.0.bn2.num_batches_tracked,1,0,0,True,1452.0,1452.0,1452.0,0.0,1452.0,[],torch.int64,student_model
student.encoder.layer1.1.conv1.weight,36864,0,0,True,-0.2586013376712799,0.2755853831768036,0.0013658665120601654,0.06371746212244034,12.236394882202148,"[64, 64, 3, 3]",torch.float32,student_model
student.encoder.layer1.1.bn1.weight,64,0,0,True,0.9166052937507629,1.082076072692871,0.9850619435310364,0.03241611644625664,7.884695053100586,[64],torch.float32,student_model
student.encoder.layer1.1.bn1.bias,64,0,0,True,-0.059075914323329926,0.07608412951231003,-0.0024341419339179993,0.027844594791531563,0.22186586260795593,[64],torch.float32,student_model
student.encoder.layer1.1.bn1.running_mean,64,0,0,True,-6.535341739654541,5.9448981285095215,0.4425831437110901,2.8073103427886963,22.561887741088867,[64],torch.float32,student_model
student.encoder.layer1.1.bn1.running_var,64,0,0,True,4.737950801849365,47.27000427246094,22.310314178466797,11.938031196594238,202.0756072998047,[64],torch.float32,student_model
student.encoder.layer1.1.bn1.num_batches_tracked,1,0,0,True,1452.0,1452.0,1452.0,0.0,1452.0,[],torch.int64,student_model
student.encoder.layer1.1.conv2.weight,36864,0,0,True,-0.24830783903598785,0.24963629245758057,-0.004220692440867424,0.06372874230146408,12.262558937072754,"[64, 64, 3, 3]",torch.float32,student_model
student.encoder.layer1.1.bn2.weight,64,0,0,True,0.9259466528892517,1.035676121711731,0.9765648245811462,0.026970379054546356,7.815451145172119,[64],torch.float32,student_model
student.encoder.layer1.1.bn2.bias,64,0,0,True,-0.05664335936307907,0.0986417829990387,0.0063752466812729836,0.03007880598306656,0.24413004517555237,[64],torch.float32,student_model
student.encoder.layer1.1.bn2.running_mean,64,0,0,True,-5.147397994995117,3.2965431213378906,-0.9665131568908691,2.1280248165130615,18.576337814331055,[64],torch.float32,student_model
student.encoder.layer1.1.bn2.running_var,64,0,0,True,1.6688851118087769,32.740028381347656,8.825986862182617,5.74155855178833,84.0374984741211,[64],torch.float32,student_model
student.encoder.layer1.1.bn2.num_batches_tracked,1,0,0,True,1452.0,1452.0,1452.0,0.0,1452.0,[],torch.int64,student_model
student.encoder.layer1.2.conv1.weight,36864,0,0,True,-0.24876785278320312,0.2596243917942047,-0.002248524222522974,0.06380593031644821,12.258179664611816,"[64, 64, 3, 3]",torch.float32,student_model
student.encoder.layer1.2.bn1.weight,64,0,0,True,0.8939689993858337,1.0549852848052979,0.98396897315979,0.03503439575433731,7.876662254333496,[64],torch.float32,student_model
student.encoder.layer1.2.bn1.bias,64,0,0,True,-0.06686337292194366,0.10194431990385056,-0.007578250020742416,0.03401215374469757,0.27668681740760803,[64],torch.float32,student_model
student.encoder.layer1.2.bn1.running_mean,64,0,0,True,-10.699950218200684,6.378900051116943,-1.405037522315979,4.0326080322265625,33.92412185668945,[64],torch.float32,student_model
student.encoder.layer1.2.bn1.running_var,64,0,0,True,5.623412609100342,75.07014465332031,29.165668487548828,15.994483947753906,265.6268310546875,[64],torch.float32,student_model
student.encoder.layer1.2.bn1.num_batches_tracked,1,0,0,True,1452.0,1452.0,1452.0,0.0,1452.0,[],torch.int64,student_model
student.encoder.layer1.2.conv2.weight,36864,0,0,True,-0.2491248995065689,0.27484503388404846,-0.00278323027305305,0.06373724341392517,12.249049186706543,"[64, 64, 3, 3]",torch.float32,student_model
student.encoder.layer1.2.bn2.weight,64,0,0,True,0.9076349139213562,1.0356833934783936,0.9674310684204102,0.02838469110429287,7.742727279663086,[64],torch.float32,student_model
student.encoder.layer1.2.bn2.bias,64,0,0,True,-0.06855965405702591,0.08403649926185608,0.007511049974709749,0.031328048557043076,0.25581586360931396,[64],torch.float32,student_model
student.encoder.layer1.2.bn2.running_mean,64,0,0,True,-4.384696006774902,2.029849052429199,-0.5687541961669922,1.3890292644500732,11.92707633972168,[64],torch.float32,student_model
student.encoder.layer1.2.bn2.running_var,64,0,0,True,2.33095645904541,19.46830940246582,9.173986434936523,4.239499092102051,80.73841094970703,[64],torch.float32,student_model
student.encoder.layer1.2.bn2.num_batches_tracked,1,0,0,True,1452.0,1452.0,1452.0,0.0,1452.0,[],torch.int64,student_model
student.encoder.layer2.0.conv1.weight,73728,0,0,True,-0.20502257347106934,0.2174108475446701,-0.0005133606027811766,0.04641243815422058,12.603002548217773,"[128, 64, 3, 3]",torch.float32,student_model
student.encoder.layer2.0.bn1.weight,128,0,0,True,0.9217968583106995,1.0725070238113403,0.9858954548835754,0.026152757927775383,11.158026695251465,[128],torch.float32,student_model
student.encoder.layer2.0.bn1.bias,128,0,0,True,-0.07579351961612701,0.07158875465393066,0.006114579271525145,0.030944164842367172,0.35551854968070984,[128],torch.float32,student_model
student.encoder.layer2.0.bn1.running_mean,128,0,0,True,-9.779253959655762,7.528138637542725,-0.5630829334259033,3.417983293533325,39.04197311401367,[128],torch.float32,student_model
student.encoder.layer2.0.bn1.running_var,128,0,0,True,8.61016845703125,98.39659881591797,31.032690048217773,14.730756759643555,388.3631591796875,[128],torch.float32,student_model
student.encoder.layer2.0.bn1.num_batches_tracked,1,0,0,True,1452.0,1452.0,1452.0,0.0,1452.0,[],torch.int64,student_model
student.encoder.layer2.0.conv2.weight,147456,0,0,True,-0.19606170058250427,0.2386690080165863,-0.0025005368515849113,0.0462840311229229,17.798906326293945,"[128, 128, 3, 3]",torch.float32,student_model
student.encoder.layer2.0.bn2.weight,128,0,0,True,0.9058460593223572,1.1047707796096802,0.9901846647262573,0.03345291689038277,11.209001541137695,[128],torch.float32,student_model
student.encoder.layer2.0.bn2.bias,128,0,0,True,-0.052588555961847305,0.16000278294086456,0.02780786156654358,0.042798690497875214,0.5758549571037292,[128],torch.float32,student_model
student.encoder.layer2.0.bn2.running_mean,128,0,0,True,-7.686490058898926,5.068850517272949,-1.1325150728225708,2.6435301303863525,32.42960739135742,[128],torch.float32,student_model
student.encoder.layer2.0.bn2.running_var,128,0,0,True,3.9921369552612305,64.85425567626953,19.365081787109375,11.947739601135254,257.1573181152344,[128],torch.float32,student_model
student.encoder.layer2.0.bn2.num_batches_tracked,1,0,0,True,1452.0,1452.0,1452.0,0.0,1452.0,[],torch.int64,student_model
student.encoder.layer2.0.downsample.0.weight,8192,0,0,True,-0.4696864187717438,0.5063276886940002,-0.001311546890065074,0.12837056815624237,11.618674278259277,"[128, 64, 1, 1]",torch.float32,student_model
student.encoder.layer2.0.downsample.1.weight,128,0,0,True,0.9254347681999207,1.1190638542175293,1.0182298421859741,0.043740566819906235,11.530496597290039,[128],torch.float32,student_model
student.encoder.layer2.0.downsample.1.bias,128,0,0,True,-0.052588555961847305,0.16000278294086456,0.02780786156654358,0.042798690497875214,0.5758549571037292,[128],torch.float32,student_model
student.encoder.layer2.0.downsample.1.running_mean,128,0,0,True,-3.1519558429718018,3.445554733276367,-0.07442031800746918,1.1414334774017334,12.890827178955078,[128],torch.float32,student_model
student.encoder.layer2.0.downsample.1.running_var,128,0,0,True,0.693798303604126,9.564992904663086,3.379016399383545,1.6798980236053467,42.65997314453125,[128],torch.float32,student_model
student.encoder.layer2.0.downsample.1.num_batches_tracked,1,0,0,True,1452.0,1452.0,1452.0,0.0,1452.0,[],torch.int64,student_model
student.encoder.layer2.1.conv1.weight,147456,0,0,True,-0.20887085795402527,0.2281651496887207,-0.0006006849580444396,0.04662026837468147,17.90359878540039,"[128, 128, 3, 3]",torch.float32,student_model
student.encoder.layer2.1.bn1.weight,128,0,0,True,0.9077039361000061,1.1131209135055542,0.9856897592544556,0.03713971748948097,11.159658432006836,[128],torch.float32,student_model
student.encoder.layer2.1.bn1.bias,128,0,0,True,-0.066864013671875,0.15103548765182495,0.0035011451691389084,0.03995184600353241,0.4519735276699066,[128],torch.float32,student_model
student.encoder.layer2.1.bn1.running_mean,128,0,0,True,-8.776666641235352,5.937492370605469,-0.6335586309432983,2.974374294281006,34.2773323059082,[128],torch.float32,student_model
student.encoder.layer2.1.bn1.running_var,128,0,0,True,10.029781341552734,98.57575225830078,40.24842071533203,16.500707626342773,491.8642578125,[128],torch.float32,student_model
student.encoder.layer2.1.bn1.num_batches_tracked,1,0,0,True,1452.0,1452.0,1452.0,0.0,1452.0,[],torch.int64,student_model
student.encoder.layer2.1.conv2.weight,147456,0,0,True,-0.2193361073732376,0.250421404838562,-0.0022561424411833286,0.046585679054260254,17.9097957611084,"[128, 128, 3, 3]",torch.float32,student_model
student.encoder.layer2.1.bn2.weight,128,0,0,True,0.9163262844085693,1.0439457893371582,0.9761000871658325,0.026188485324382782,11.04725456237793,[128],torch.float32,student_model
student.encoder.layer2.1.bn2.bias,128,0,0,True,-0.07809723913669586,0.10492613166570663,0.01619282364845276,0.03961784020066261,0.48259544372558594,[128],torch.float32,student_model
student.encoder.layer2.1.bn2.running_mean,128,0,0,True,-4.947200775146484,4.126461505889893,-1.0302456617355347,1.8633068799972534,24.01651382446289,[128],torch.float32,student_model
student.encoder.layer2.1.bn2.running_var,128,0,0,True,3.789463758468628,31.954246520996094,12.57151985168457,4.747093200683594,151.9586944580078,[128],torch.float32,student_model
student.encoder.layer2.1.bn2.num_batches_tracked,1,0,0,True,1452.0,1452.0,1452.0,0.0,1452.0,[],torch.int64,student_model
student.encoder.layer2.2.conv1.weight,147456,0,0,True,-0.22072623670101166,0.21514426171779633,-0.000730786647181958,0.04625638946890831,17.76459312438965,"[128, 128, 3, 3]",torch.float32,student_model
student.encoder.layer2.2.bn1.weight,128,0,0,True,0.917299211025238,1.1034436225891113,0.9851909875869751,0.03435385227203369,11.152884483337402,[128],torch.float32,student_model
student.encoder.layer2.2.bn1.bias,128,0,0,True,-0.09191183000802994,0.1191440224647522,0.0040374076925218105,0.04065629839897156,0.4604445695877075,[128],torch.float32,student_model
student.encoder.layer2.2.bn1.running_mean,128,0,0,True,-11.971814155578613,10.928448677062988,-1.1671268939971924,4.845251083374023,56.177127838134766,[128],torch.float32,student_model
student.encoder.layer2.2.bn1.running_var,128,0,0,True,19.886825561523438,239.35986328125,66.24356079101562,31.612424850463867,829.8239135742188,[128],torch.float32,student_model
student.encoder.layer2.2.bn1.num_batches_tracked,1,0,0,True,1452.0,1452.0,1452.0,0.0,1452.0,[],torch.int64,student_model
student.encoder.layer2.2.conv2.weight,147456,0,0,True,-0.2096041589975357,0.23785583674907684,-0.0029097208753228188,0.04651185870170593,17.89539909362793,"[128, 128, 3, 3]",torch.float32,student_model
student.encoder.layer2.2.bn2.weight,128,0,0,True,0.9077379703521729,1.0343481302261353,0.9702922105789185,0.024218153208494186,10.980996131896973,[128],torch.float32,student_model
student.encoder.layer2.2.bn2.bias,128,0,0,True,-0.09644445031881332,0.1204468160867691,0.01712668314576149,0.03874417394399643,0.47768867015838623,[128],torch.float32,student_model
student.encoder.layer2.2.bn2.running_mean,128,0,0,True,-6.362005710601807,3.0333220958709717,-1.2295023202896118,1.981528401374817,26.30882453918457,[128],torch.float32,student_model
student.encoder.layer2.2.bn2.running_var,128,0,0,True,4.251593589782715,46.67362976074219,14.385334014892578,6.65735387802124,179.21141052246094,[128],torch.float32,student_model
student.encoder.layer2.2.bn2.num_batches_tracked,1,0,0,True,1452.0,1452.0,1452.0,0.0,1452.0,[],torch.int64,student_model
student.encoder.layer2.3.conv1.weight,147456,0,0,True,-0.21189497411251068,0.23583614826202393,-0.0005533609655685723,0.04674113914370537,17.949777603149414,"[128, 128, 3, 3]",torch.float32,student_model
student.encoder.layer2.3.bn1.weight,128,0,0,True,0.8913459181785583,1.12222421169281,0.9808993339538574,0.042698320001363754,11.108036041259766,[128],torch.float32,student_model
student.encoder.layer2.3.bn1.bias,128,0,0,True,-0.13229456543922424,0.08401992172002792,-0.014132027514278889,0.03901467099785805,0.46784159541130066,[128],torch.float32,student_model
student.encoder.layer2.3.bn1.running_mean,128,0,0,True,-15.881345748901367,15.59174919128418,-1.3178164958953857,7.370294094085693,84.38653564453125,[128],torch.float32,student_model
student.encoder.layer2.3.bn1.running_var,128,0,0,True,30.374298095703125,320.52142333984375,124.59272766113281,52.971675872802734,1530.8004150390625,[128],torch.float32,student_model
student.encoder.layer2.3.bn1.num_batches_tracked,1,0,0,True,1452.0,1452.0,1452.0,0.0,1452.0,[],torch.int64,student_model
student.encoder.layer2.3.conv2.weight,147456,0,0,True,-0.2114248424768448,0.188539057970047,-0.004498352762311697,0.04657426103949547,17.9676570892334,"[128, 128, 3, 3]",torch.float32,student_model
student.encoder.layer2.3.bn2.weight,128,0,0,True,0.8956066370010376,1.0578467845916748,0.9671832919120789,0.02913576178252697,10.947354316711426,[128],torch.float32,student_model
student.encoder.layer2.3.bn2.bias,128,0,0,True,-0.10729668289422989,0.10188519954681396,0.01559489592909813,0.03259068354964256,0.4074593186378479,[128],torch.float32,student_model
student.encoder.layer2.3.bn2.running_mean,128,0,0,True,-8.334495544433594,3.370110034942627,-1.8796405792236328,2.606536865234375,36.26393127441406,[128],torch.float32,student_model
student.encoder.layer2.3.bn2.running_var,128,0,0,True,3.86103892326355,35.40074920654297,13.288836479187012,5.195504665374756,161.34457397460938,[128],torch.float32,student_model
student.encoder.layer2.3.bn2.num_batches_tracked,1,0,0,True,1452.0,1452.0,1452.0,0.0,1452.0,[],torch.int64,student_model
student.encoder.layer3.0.conv1.weight,294912,0,0,True,-0.14946404099464417,0.20525920391082764,-0.0014412400778383017,0.03380086272954941,18.372434616088867,"[256, 128, 3, 3]",torch.float32,student_model
student.encoder.layer3.0.bn1.weight,256,0,0,True,0.8596333265304565,1.068013310432434,0.9843754172325134,0.03479040041565895,15.759800910949707,[256],torch.float32,student_model
student.encoder.layer3.0.bn1.bias,256,0,0,True,-0.14190219342708588,0.14056508243083954,0.016650313511490822,0.046029794961214066,0.7818253636360168,[256],torch.float32,student_model
student.encoder.layer3.0.bn1.running_mean,256,0,0,True,-26.726987838745117,14.341856002807617,-2.4530680179595947,8.906953811645508,147.54869079589844,[256],torch.float32,student_model
student.encoder.layer3.0.bn1.running_var,256,0,0,True,47.520687103271484,382.3169250488281,119.41322326660156,39.54722213745117,2012.2755126953125,[256],torch.float32,student_model
student.encoder.layer3.0.bn1.num_batches_tracked,1,0,0,True,1452.0,1452.0,1452.0,0.0,1452.0,[],torch.int64,student_model
student.encoder.layer3.0.conv2.weight,589824,0,0,True,-0.23147334158420563,0.19923126697540283,-0.0009803551947697997,0.03474396467208862,26.693838119506836,"[256, 256, 3, 3]",torch.float32,student_model
student.encoder.layer3.0.bn2.weight,256,0,0,True,0.9207786321640015,1.1191564798355103,1.0008715391159058,0.03490544483065605,16.023643493652344,[256],torch.float32,student_model
student.encoder.layer3.0.bn2.bias,256,0,0,True,-0.06830979883670807,0.1804770976305008,0.03268057107925415,0.04473947733640671,0.8853397369384766,[256],torch.float32,student_model
student.encoder.layer3.0.bn2.running_mean,256,0,0,True,-10.815681457519531,6.110628128051758,-1.096591830253601,3.2256088256835938,54.41510772705078,[256],torch.float32,student_model
student.encoder.layer3.0.bn2.running_var,256,0,0,True,9.251922607421875,103.80414581298828,33.47894287109375,14.722786903381348,584.9862060546875,[256],torch.float32,student_model
student.encoder.layer3.0.bn2.num_batches_tracked,1,0,0,True,1452.0,1452.0,1452.0,0.0,1452.0,[],torch.int64,student_model
student.encoder.layer3.0.downsample.0.weight,32768,0,0,True,-0.3459555506706238,0.34913909435272217,0.0014117099344730377,0.09179995954036713,16.619277954101562,"[256, 128, 1, 1]",torch.float32,student_model
student.encoder.layer3.0.downsample.1.weight,256,0,0,True,0.9225276708602905,1.1397807598114014,1.0257229804992676,0.04042394459247589,16.424257278442383,[256],torch.float32,student_model
student.encoder.layer3.0.downsample.1.bias,256,0,0,True,-0.06830979883670807,0.1804770976305008,0.03268057107925415,0.04473947733640671,0.8853397369384766,[256],torch.float32,student_model
student.encoder.layer3.0.downsample.1.running_mean,256,0,0,True,-6.107058525085449,5.1932783126831055,0.3036107122898102,2.1720683574676514,35.0236701965332,[256],torch.float32,student_model
student.encoder.layer3.0.downsample.1.running_var,256,0,0,True,3.505885362625122,30.16187286376953,12.172266960144043,5.451971530914307,213.329833984375,[256],torch.float32,student_model
student.encoder.layer3.0.downsample.1.num_batches_tracked,1,0,0,True,1452.0,1452.0,1452.0,0.0,1452.0,[],torch.int64,student_model
student.encoder.layer3.1.conv1.weight,589824,0,0,True,-0.17064715921878815,0.17560258507728577,-0.0007173118647187948,0.03431399166584015,26.35869026184082,"[256, 256, 3, 3]",torch.float32,student_model
student.encoder.layer3.1.bn1.weight,256,0,0,True,0.887789249420166,1.107423186302185,0.9842774868011475,0.034387972205877304,15.758011817932129,[256],torch.float32,student_model
student.encoder.layer3.1.bn1.bias,256,0,0,True,-0.10440900921821594,0.1067529246211052,0.001722406828776002,0.03721044585108757,0.5948418974876404,[256],torch.float32,student_model
student.encoder.layer3.1.bn1.running_mean,256,0,0,True,-15.190301895141602,12.236366271972656,-1.1088588237762451,5.553801536560059,90.44429779052734,[256],torch.float32,student_model
student.encoder.layer3.1.bn1.running_var,256,0,0,True,25.653949737548828,206.2706298828125,101.20014953613281,37.44615936279297,1726.08837890625,[256],torch.float32,student_model
student.encoder.layer3.1.bn1.num_batches_tracked,1,0,0,True,1452.0,1452.0,1452.0,0.0,1452.0,[],torch.int64,student_model
student.encoder.layer3.1.conv2.weight,589824,0,0,True,-0.1821049004793167,0.1791696548461914,-0.0020638734567910433,0.0350322499871254,26.951265335083008,"[256, 256, 3, 3]",torch.float32,student_model
student.encoder.layer3.1.bn2.weight,256,0,0,True,0.9004859924316406,1.0806691646575928,0.968452513217926,0.02596258372068405,15.500786781311035,[256],torch.float32,student_model
student.encoder.layer3.1.bn2.bias,256,0,0,True,-0.06609228998422623,0.16242437064647675,0.010548959486186504,0.03499970585107803,0.5838300585746765,[256],torch.float32,student_model
student.encoder.layer3.1.bn2.running_mean,256,0,0,True,-11.791704177856445,7.211711406707764,-1.8913452625274658,3.926053047180176,69.61539459228516,[256],torch.float32,student_model
student.encoder.layer3.1.bn2.running_var,256,0,0,True,8.01613712310791,111.95929718017578,38.4581413269043,15.93154239654541,665.8482666015625,[256],torch.float32,student_model
student.encoder.layer3.1.bn2.num_batches_tracked,1,0,0,True,1452.0,1452.0,1452.0,0.0,1452.0,[],torch.int64,student_model
student.encoder.layer3.2.conv1.weight,589824,0,0,True,-0.151996910572052,0.1976999044418335,-0.0008088686736300588,0.03399081900715828,26.112165451049805,"[256, 256, 3, 3]",torch.float32,student_model
student.encoder.layer3.2.bn1.weight,256,0,0,True,0.8886883854866028,1.0762981176376343,0.98501056432724,0.03150624781847,15.768198013305664,[256],torch.float32,student_model
student.encoder.layer3.2.bn1.bias,256,0,0,True,-0.08725711703300476,0.10328428447246552,0.008313464000821114,0.03559264913201332,0.5837263464927673,[256],torch.float32,student_model
student.encoder.layer3.2.bn1.running_mean,256,0,0,True,-24.09602165222168,15.827217102050781,-1.72111976146698,7.694334506988525,125.91682434082031,[256],torch.float32,student_model
student.encoder.layer3.2.bn1.running_var,256,0,0,True,39.95950698852539,441.2840270996094,168.22409057617188,69.99674987792969,2914.449462890625,[256],torch.float32,student_model
student.encoder.layer3.2.bn1.num_batches_tracked,1,0,0,True,1452.0,1452.0,1452.0,0.0,1452.0,[],torch.int64,student_model
student.encoder.layer3.2.conv2.weight,589824,0,0,True,-0.17600783705711365,0.1852039396762848,-0.002659037709236145,0.034953080117702484,26.9213809967041,"[256, 256, 3, 3]",torch.float32,student_model
student.encoder.layer3.2.bn2.weight,256,0,0,True,0.8681448698043823,1.038885235786438,0.957598090171814,0.025218484923243523,15.326860427856445,[256],torch.float32,student_model
student.encoder.layer3.2.bn2.bias,256,0,0,True,-0.07321467995643616,0.07747381180524826,0.0027669176924973726,0.028720995411276817,0.4607692062854767,[256],torch.float32,student_model
student.encoder.layer3.2.bn2.running_mean,256,0,0,True,-9.191282272338867,6.769917011260986,-2.448317050933838,3.2189903259277344,64.6282730102539,[256],torch.float32,student_model
student.encoder.layer3.2.bn2.running_var,256,0,0,True,13.02121353149414,113.29203033447266,42.31428527832031,17.61189842224121,733.1189575195312,[256],torch.float32,student_model
student.encoder.layer3.2.bn2.num_batches_tracked,1,0,0,True,1452.0,1452.0,1452.0,0.0,1452.0,[],torch.int64,student_model
student.encoder.layer3.3.conv1.weight,589824,0,0,True,-0.171548530459404,0.17911697924137115,-0.0013594296760857105,0.03414607793092728,26.244760513305664,"[256, 256, 3, 3]",torch.float32,student_model
student.encoder.layer3.3.bn1.weight,256,0,0,True,0.8817614316940308,1.082761287689209,0.9865290522575378,0.032500650733709335,15.792993545532227,[256],torch.float32,student_model
student.encoder.layer3.3.bn1.bias,256,0,0,True,-0.07457775622606277,0.10925119370222092,0.010154308751225471,0.035305459052324295,0.5867259502410889,[256],torch.float32,student_model
student.encoder.layer3.3.bn1.running_mean,256,0,0,True,-34.92264938354492,21.230079650878906,-3.572287082672119,11.8009614944458,196.92349243164062,[256],torch.float32,student_model
student.encoder.layer3.3.bn1.running_var,256,0,0,True,72.10308074951172,665.0062255859375,229.07701110839844,90.03765869140625,3937.150634765625,[256],torch.float32,student_model
student.encoder.layer3.3.bn1.num_batches_tracked,1,0,0,True,1452.0,1452.0,1452.0,0.0,1452.0,[],torch.int64,student_model
student.encoder.layer3.3.conv2.weight,589824,0,0,True,-0.18794013559818268,0.2096184939146042,-0.0026825089007616043,0.035132601857185364,27.0601863861084,"[256, 256, 3, 3]",torch.float32,student_model
student.encoder.layer3.3.bn2.weight,256,0,0,True,0.8694837689399719,1.03575599193573,0.9575093984603882,0.027695827186107635,15.326533317565918,[256],torch.float32,student_model
student.encoder.layer3.3.bn2.bias,256,0,0,True,-0.08318175375461578,0.08446362614631653,-0.00033224522485397756,0.02608795277774334,0.41662511229515076,[256],torch.float32,student_model
student.encoder.layer3.3.bn2.running_mean,256,0,0,True,-9.592855453491211,6.821540355682373,-2.4184389114379883,3.976257562637329,74.35733795166016,[256],torch.float32,student_model
student.encoder.layer3.3.bn2.running_var,256,0,0,True,9.431382179260254,138.96490478515625,45.703704833984375,21.137954711914062,805.4051513671875,[256],torch.float32,student_model
student.encoder.layer3.3.bn2.num_batches_tracked,1,0,0,True,1452.0,1452.0,1452.0,0.0,1452.0,[],torch.int64,student_model
student.encoder.layer3.4.conv1.weight,589824,0,0,True,-0.20000046491622925,0.1825040578842163,-0.001517501543276012,0.03438987955451012,26.436988830566406,"[256, 256, 3, 3]",torch.float32,student_model
student.encoder.layer3.4.bn1.weight,256,0,0,True,0.9043065905570984,1.1367149353027344,0.986107349395752,0.04033314809203148,15.79085922241211,[256],torch.float32,student_model
student.encoder.layer3.4.bn1.bias,256,0,0,True,-0.09632018208503723,0.09695394337177277,0.0013812172692269087,0.03276189789175987,0.5236321091651917,[256],torch.float32,student_model
student.encoder.layer3.4.bn1.running_mean,256,0,0,True,-45.58735275268555,27.38863182067871,-4.729980945587158,15.769225120544434,262.9408264160156,[256],torch.float32,student_model
student.encoder.layer3.4.bn1.running_var,256,0,0,True,102.95999908447266,734.8341064453125,311.43182373046875,120.0120620727539,5338.73779296875,[256],torch.float32,student_model
student.encoder.layer3.4.bn1.num_batches_tracked,1,0,0,True,1452.0,1452.0,1452.0,0.0,1452.0,[],torch.int64,student_model
student.encoder.layer3.4.conv2.weight,589824,0,0,True,-0.18739892542362213,0.19981063902378082,-0.002599182305857539,0.03545614704489708,27.303220748901367,"[256, 256, 3, 3]",torch.float32,student_model
student.encoder.layer3.4.bn2.weight,256,0,0,True,0.8433315753936768,1.0434411764144897,0.9609231948852539,0.03222132474184036,15.383377075195312,[256],torch.float32,student_model
student.encoder.layer3.4.bn2.bias,256,0,0,True,-0.08533460646867752,0.07274086773395538,-0.0020993074867874384,0.024377472698688507,0.39072346687316895,[256],torch.float32,student_model
student.encoder.layer3.4.bn2.running_mean,256,0,0,True,-11.303118705749512,6.566847324371338,-2.2257676124572754,3.907191038131714,71.84080505371094,[256],torch.float32,student_model
student.encoder.layer3.4.bn2.running_var,256,0,0,True,14.13955020904541,127.27201080322266,50.4219856262207,21.27587890625,875.372802734375,[256],torch.float32,student_model
student.encoder.layer3.4.bn2.num_batches_tracked,1,0,0,True,1452.0,1452.0,1452.0,0.0,1452.0,[],torch.int64,student_model
student.encoder.layer3.5.conv1.weight,589824,0,0,True,-0.18595749139785767,0.18246813118457794,-0.0015758477384224534,0.03511536866426468,26.99558448791504,"[256, 256, 3, 3]",torch.float32,student_model
student.encoder.layer3.5.bn1.weight,256,0,0,True,0.8742867112159729,1.1361478567123413,0.9821714162826538,0.05006582289934158,15.735066413879395,[256],torch.float32,student_model
student.encoder.layer3.5.bn1.bias,256,0,0,True,-0.10534266382455826,0.07463129609823227,-0.007328534498810768,0.03283807262778282,0.5373318791389465,[256],torch.float32,student_model
student.encoder.layer3.5.bn1.running_mean,256,0,0,True,-51.87759780883789,30.02443504333496,-5.566315650939941,19.46258544921875,323.301513671875,[256],torch.float32,student_model
student.encoder.layer3.5.bn1.running_var,256,0,0,True,153.2436065673828,951.1113891601562,340.56915283203125,119.4388427734375,5773.2568359375,[256],torch.float32,student_model
student.encoder.layer3.5.bn1.num_batches_tracked,1,0,0,True,1452.0,1452.0,1452.0,0.0,1452.0,[],torch.int64,student_model
student.encoder.layer3.5.conv2.weight,589824,0,0,True,-0.1807740181684494,0.2067006528377533,-0.0020450137089937925,0.035784222185611725,27.52695083618164,"[256, 256, 3, 3]",torch.float32,student_model
student.encoder.layer3.5.bn2.weight,256,0,0,True,0.8497320413589478,1.0460628271102905,0.9656847715377808,0.0376686230301857,15.46265983581543,[256],torch.float32,student_model
student.encoder.layer3.5.bn2.bias,256,0,0,True,-0.06878738850355148,0.041789740324020386,-0.006989576388150454,0.02016421966254711,0.3408644497394562,[256],torch.float32,student_model
student.encoder.layer3.5.bn2.running_mean,256,0,0,True,-9.881169319152832,8.277585983276367,-1.5683057308197021,3.7896888256073,65.5125732421875,[256],torch.float32,student_model
student.encoder.layer3.5.bn2.running_var,256,0,0,True,16.41176414489746,144.57131958007812,42.74248123168945,18.529151916503906,745.1445922851562,[256],torch.float32,student_model
student.encoder.layer3.5.bn2.num_batches_tracked,1,0,0,True,1452.0,1452.0,1452.0,0.0,1452.0,[],torch.int64,student_model
student.encoder.layer4.0.conv1.weight,1179648,0,0,True,-0.18599559366703033,0.169890895485878,-0.00207097758539021,0.028848739340901375,31.41330337524414,"[512, 256, 3, 3]",torch.float32,student_model
student.encoder.layer4.0.bn1.weight,512,0,0,True,0.8800138831138611,1.1119881868362427,0.9842419028282166,0.03685571998357773,22.28643035888672,[512],torch.float32,student_model
student.encoder.layer4.0.bn1.bias,512,0,0,True,-0.0759371817111969,0.13585518300533295,0.017532745376229286,0.037569090723991394,0.9373533725738525,[512],torch.float32,student_model
student.encoder.layer4.0.bn1.running_mean,512,0,0,True,-47.73048400878906,44.45680618286133,-8.445548057556152,17.69791603088379,443.3656005859375,[512],torch.float32,student_model
student.encoder.layer4.0.bn1.running_var,512,0,0,True,154.56790161132812,1024.7550048828125,447.74603271484375,151.41848754882812,10693.9208984375,[512],torch.float32,student_model
student.encoder.layer4.0.bn1.num_batches_tracked,1,0,0,True,1452.0,1452.0,1452.0,0.0,1452.0,[],torch.int64,student_model
student.encoder.layer4.0.conv2.weight,2359296,0,0,True,-0.18644675612449646,0.18609125912189484,-0.0029036509804427624,0.029616573825478554,45.70741271972656,"[512, 512, 3, 3]",torch.float32,student_model
student.encoder.layer4.0.bn2.weight,512,0,0,True,0.8949517011642456,1.0936826467514038,0.991875410079956,0.03511704131960869,22.457612991333008,[512],torch.float32,student_model
student.encoder.layer4.0.bn2.bias,512,0,0,True,-0.07669179141521454,0.11393757164478302,0.019787311553955078,0.034290820360183716,0.8951715230941772,[512],torch.float32,student_model
student.encoder.layer4.0.bn2.running_mean,512,0,0,True,-18.04206657409668,12.316581726074219,-4.659309387207031,6.025732040405273,172.24755859375,[512],torch.float32,student_model
student.encoder.layer4.0.bn2.running_var,512,0,0,True,30.688621520996094,386.8254699707031,106.95419311523438,41.484962463378906,2595.4384765625,[512],torch.float32,student_model
student.encoder.layer4.0.bn2.num_batches_tracked,1,0,0,True,1452.0,1452.0,1452.0,0.0,1452.0,[],torch.int64,student_model
student.encoder.layer4.0.downsample.0.weight,131072,0,0,True,-0.3276790678501129,0.31452909111976624,-0.0026317236479371786,0.06886568665504456,24.95012664794922,"[512, 256, 1, 1]",torch.float32,student_model
student.encoder.layer4.0.downsample.1.weight,512,0,0,True,0.9116640090942383,1.1131032705307007,1.0030391216278076,0.03134424239397049,22.70724105834961,[512],torch.float32,student_model
student.encoder.layer4.0.downsample.1.bias,512,0,0,True,-0.07669179141521454,0.11393757164478302,0.019787311553955078,0.034290820360183716,0.8951715230941772,[512],torch.float32,student_model
student.encoder.layer4.0.downsample.1.running_mean,512,0,0,True,-14.295060157775879,11.968735694885254,-1.0314624309539795,5.322525978088379,122.56014251708984,[512],torch.float32,student_model
student.encoder.layer4.0.downsample.1.running_var,512,0,0,True,13.438455581665039,99.80309295654297,42.54633331298828,14.8965425491333,1019.9078369140625,[512],torch.float32,student_model
student.encoder.layer4.0.downsample.1.num_batches_tracked,1,0,0,True,1452.0,1452.0,1452.0,0.0,1452.0,[],torch.int64,student_model
student.encoder.layer4.1.conv1.weight,2359296,0,0,True,-0.181064173579216,0.18836666643619537,-0.0014134043594822288,0.029706139117479324,45.67851257324219,"[512, 512, 3, 3]",torch.float32,student_model
student.encoder.layer4.1.bn1.weight,512,0,0,True,0.8594396710395813,1.1264574527740479,0.9798672795295715,0.04626743867993355,22.196517944335938,[512],torch.float32,student_model
student.encoder.layer4.1.bn1.bias,512,0,0,True,-0.08588901162147522,0.17169588804244995,0.012997630052268505,0.043036919087171555,1.016345739364624,[512],torch.float32,student_model
student.encoder.layer4.1.bn1.running_mean,512,0,0,True,-23.955224990844727,17.5190486907959,-3.773049831390381,8.966073989868164,219.92799377441406,[512],torch.float32,student_model
student.encoder.layer4.1.bn1.running_var,512,0,0,True,110.44307708740234,548.3099975585938,261.4835205078125,76.40703582763672,6163.646484375,[512],torch.float32,student_model
student.encoder.layer4.1.bn1.num_batches_tracked,1,0,0,True,1452.0,1452.0,1452.0,0.0,1452.0,[],torch.int64,student_model
student.encoder.layer4.1.conv2.weight,2359296,0,0,True,-0.18504662811756134,0.18310938775539398,-0.00246118544600904,0.03026486746966839,46.63844299316406,"[512, 512, 3, 3]",torch.float32,student_model
student.encoder.layer4.1.bn2.weight,512,0,0,True,0.7899543046951294,1.1171178817749023,0.9906325340270996,0.044443223625421524,22.437957763671875,[512],torch.float32,student_model
student.encoder.layer4.1.bn2.bias,512,0,0,True,-0.09125663340091705,0.15981633961200714,0.021285174414515495,0.040087927132844925,1.026237964630127,[512],torch.float32,student_model
student.encoder.layer4.1.bn2.running_mean,512,0,0,True,-18.43761444091797,12.5466890335083,-4.0710906982421875,5.692838668823242,158.26077270507812,[512],torch.float32,student_model
student.encoder.layer4.1.bn2.running_var,512,0,0,True,19.438098907470703,304.8815612792969,138.80056762695312,46.36423110961914,3310.959228515625,[512],torch.float32,student_model
student.encoder.layer4.1.bn2.num_batches_tracked,1,0,0,True,1452.0,1452.0,1452.0,0.0,1452.0,[],torch.int64,student_model
student.encoder.layer4.2.conv1.weight,2359296,0,0,True,-0.1786719709634781,0.18158668279647827,-0.0008823013631626964,0.03026433289051056,46.503868103027344,"[512, 512, 3, 3]",torch.float32,student_model
student.encoder.layer4.2.bn1.weight,512,0,0,True,0.8482646346092224,1.1099995374679565,0.9820117354393005,0.03566165640950203,22.235010147094727,[512],torch.float32,student_model
student.encoder.layer4.2.bn1.bias,512,0,0,True,-0.09122206270694733,0.1316528022289276,0.02341611310839653,0.03976474702358246,1.0434309244155884,[512],torch.float32,student_model
student.encoder.layer4.2.bn1.running_mean,512,0,0,True,-51.001930236816406,20.160133361816406,-4.375189781188965,15.996725082397461,374.917724609375,[512],torch.float32,student_model
student.encoder.layer4.2.bn1.running_var,512,0,0,True,142.09036254882812,913.7431640625,474.851806640625,132.4871826171875,11154.2568359375,[512],torch.float32,student_model
student.encoder.layer4.2.bn1.num_batches_tracked,1,0,0,True,1452.0,1452.0,1452.0,0.0,1452.0,[],torch.int64,student_model
student.encoder.layer4.2.conv2.weight,2359296,0,0,True,-0.20133784413337708,0.19158358871936798,-0.004666062071919441,0.02921358495950699,45.43914031982422,"[512, 512, 3, 3]",torch.float32,student_model
student.encoder.layer4.2.bn2.weight,512,0,0,True,0.8361330032348633,1.0438940525054932,0.9664187431335449,0.036039672791957855,21.882732391357422,[512],torch.float32,student_model
student.encoder.layer4.2.bn2.bias,512,0,0,True,-0.09509646147489548,0.1576991081237793,0.022155780345201492,0.03860777989029884,1.0064821243286133,[512],torch.float32,student_model
student.encoder.layer4.2.bn2.running_mean,512,0,0,True,-19.986228942871094,12.014747619628906,-8.23697566986084,8.192959785461426,262.7522277832031,[512],torch.float32,student_model
student.encoder.layer4.2.bn2.running_var,512,0,0,True,36.2254753112793,646.345947265625,269.41534423828125,111.08597564697266,6593.1103515625,[512],torch.float32,student_model
student.encoder.layer4.2.bn2.num_batches_tracked,1,0,0,True,1452.0,1452.0,1452.0,0.0,1452.0,[],torch.int64,student_model
student.decoder.p5.weight,131072,0,0,True,-0.14101868867874146,0.1112854853272438,0.0012633389560505748,0.02977685071527958,10.790026664733887,"[256, 512, 1, 1]",torch.float32,student_model
student.decoder.p5.bias,256,0,0,True,-0.05377970263361931,0.054508477449417114,0.0027637318708002567,0.028693605214357376,0.46032896637916565,[256],torch.float32,student_model
student.decoder.p4.skip_conv.weight,65536,0,0,True,-0.1383204311132431,0.1071050837635994,0.0002986066392622888,0.03747371584177017,9.593501091003418,"[256, 256, 1, 1]",torch.float32,student_model
student.decoder.p4.skip_conv.bias,256,0,0,True,-0.06709782779216766,0.06994105130434036,0.0012969188392162323,0.03607475385069847,0.5764412879943848,[256],torch.float32,student_model
student.decoder.p3.skip_conv.weight,32768,0,0,True,-0.20592375099658966,0.16360290348529816,0.0019256314262747765,0.05442173406481743,9.857403755187988,"[256, 128, 1, 1]",torch.float32,student_model
student.decoder.p3.skip_conv.bias,256,0,0,True,-0.09101808071136475,0.09088124334812164,-0.001501381630077958,0.05023324117064476,0.8025201559066772,[256],torch.float32,student_model
student.decoder.p2.skip_conv.weight,16384,0,0,True,-0.22260847687721252,0.24420739710330963,-8.8101951405406e-06,0.07398853451013565,9.47024154663086,"[256, 64, 1, 1]",torch.float32,student_model
student.decoder.p2.skip_conv.bias,256,0,0,True,-0.128292053937912,0.127171590924263,-0.00014826213009655476,0.0736103430390358,1.1754652261734009,[256],torch.float32,student_model
student.decoder.seg_blocks.0.block.0.block.0.weight,294912,0,0,True,-0.12603439390659332,0.1294136941432953,-0.00017086876323446631,0.017784573137760162,9.658466339111328,"[128, 256, 3, 3]",torch.float32,student_model
student.decoder.seg_blocks.0.block.0.block.1.weight,128,0,0,True,0.9123953580856323,1.1219182014465332,0.9845080971717834,0.023444227874279022,11.141571044921875,[128],torch.float32,student_model
student.decoder.seg_blocks.0.block.0.block.1.bias,128,0,0,True,-0.08031775802373886,0.056935135275125504,0.0035109505988657475,0.01948683150112629,0.22316893935203552,[128],torch.float32,student_model
student.decoder.seg_blocks.0.block.1.block.0.weight,147456,0,0,True,-0.17629759013652802,0.21005137264728546,-0.003010390093550086,0.02126220054924488,8.24608039855957,"[128, 128, 3, 3]",torch.float32,student_model
student.decoder.seg_blocks.0.block.1.block.1.weight,128,0,0,True,0.929075300693512,1.0742449760437012,0.9847695827484131,0.01811482012271881,11.143265724182129,[128],torch.float32,student_model
student.decoder.seg_blocks.0.block.1.block.1.bias,128,0,0,True,-0.020742757245898247,0.06296001374721527,0.005964401178061962,0.015499789267778397,0.1872549206018448,[128],torch.float32,student_model
student.decoder.seg_blocks.0.block.2.block.0.weight,147456,0,0,True,-0.3501012325286865,0.1981445550918579,-0.001192549359984696,0.021034175530076027,8.090063095092773,"[128, 128, 3, 3]",torch.float32,student_model
student.decoder.seg_blocks.0.block.2.block.1.weight,128,0,0,True,0.9335396885871887,1.083266258239746,0.9914069175720215,0.021570229902863503,11.219122886657715,[128],torch.float32,student_model
student.decoder.seg_blocks.0.block.2.block.1.bias,128,0,0,True,-0.033833641558885574,0.06606635451316833,0.006013096775859594,0.019838133826851845,0.23368608951568604,[128],torch.float32,student_model
student.decoder.seg_blocks.1.block.0.block.0.weight,294912,0,0,True,-0.18000009655952454,0.2155008316040039,0.00010562744864728302,0.017111962661147118,9.292930603027344,"[128, 256, 3, 3]",torch.float32,student_model
student.decoder.seg_blocks.1.block.0.block.1.weight,128,0,0,True,0.959419310092926,1.1195898056030273,0.9885675311088562,0.01904468424618244,11.186424255371094,[128],torch.float32,student_model
student.decoder.seg_blocks.1.block.0.block.1.bias,128,0,0,True,-0.06152911111712456,0.06846216320991516,0.00497755641117692,0.022141536697745323,0.25579833984375,[128],torch.float32,student_model
student.decoder.seg_blocks.1.block.1.block.0.weight,147456,0,0,True,-0.25078344345092773,0.16889038681983948,-0.0011605342151597142,0.02038208581507206,7.839369297027588,"[128, 128, 3, 3]",torch.float32,student_model
student.decoder.seg_blocks.1.block.1.block.1.weight,128,0,0,True,0.8684431314468384,1.1434468030929565,0.9977890253067017,0.03230821713805199,11.294565200805664,[128],torch.float32,student_model
student.decoder.seg_blocks.1.block.1.block.1.bias,128,0,0,True,-0.09390614181756973,0.0964030995965004,0.007992677390575409,0.02528354898095131,0.29893603920936584,[128],torch.float32,student_model
student.decoder.seg_blocks.2.block.0.block.0.weight,294912,0,0,True,-0.11782824248075485,0.12882278859615326,0.00017373393347952515,0.015868088230490685,8.617779731750488,"[128, 256, 3, 3]",torch.float32,student_model
student.decoder.seg_blocks.2.block.0.block.1.weight,128,0,0,True,0.9234374165534973,1.1106328964233398,1.0083856582641602,0.032680660486221313,11.414525032043457,[128],torch.float32,student_model
student.decoder.seg_blocks.2.block.0.block.1.bias,128,0,0,True,-0.08753791451454163,0.09301385283470154,0.017147717997431755,0.02728114277124405,0.3635365068912506,[128],torch.float32,student_model
student.decoder.seg_blocks.3.block.0.block.0.weight,294912,0,0,True,-0.1432310938835144,0.13327360153198242,7.4574607424438e-05,0.015593236312270164,8.468103408813477,"[128, 256, 3, 3]",torch.float32,student_model
student.decoder.seg_blocks.3.block.0.block.1.weight,128,0,0,True,0.8539149761199951,1.1376352310180664,1.0122995376586914,0.042322997003793716,11.462788581848145,[128],torch.float32,student_model
student.decoder.seg_blocks.3.block.0.block.1.bias,128,0,0,True,-0.13398605585098267,0.11674679070711136,0.01725594326853752,0.03635084629058838,0.4537951648235321,[128],torch.float32,student_model
student.segmentation_head.0.weight,128,0,0,True,-0.11136958748102188,0.08530933409929276,-0.00307013769634068,0.04826897755265236,0.5450716614723206,"[1, 128, 1, 1]",torch.float32,student_model
student.segmentation_head.0.bias,1,0,0,True,-0.02364427223801613,-0.02364427223801613,-0.02364427223801613,0.0,0.02364427223801613,[1],torch.float32,student_model
student.aux_segmentation_head_list.0.0.weight,128,0,0,True,-0.19098463654518127,0.07667291164398193,-0.027991821989417076,0.06271661072969437,0.774488091468811,"[1, 128, 1, 1]",torch.float32,student_model
student.aux_segmentation_head_list.0.0.bias,1,0,0,True,0.02725060284137726,0.02725060284137726,0.02725060284137726,0.0,0.02725060284137726,[1],torch.float32,student_model
student.aux_segmentation_head_list.1.0.weight,128,0,0,True,-0.21578431129455566,0.08085642755031586,-0.024739358574151993,0.06524846702814102,0.7867817878723145,"[1, 128, 1, 1]",torch.float32,student_model
student.aux_segmentation_head_list.1.0.bias,1,0,0,True,-0.0909111350774765,-0.0909111350774765,-0.0909111350774765,0.0,0.0909111350774765,[1],torch.float32,student_model
student.aux_segmentation_head_list.2.0.weight,128,0,0,True,-0.15781834721565247,0.19550932943820953,-0.01776452548801899,0.08021681010723114,0.926069974899292,"[1, 128, 1, 1]",torch.float32,student_model
student.aux_segmentation_head_list.2.0.bias,1,0,0,True,-0.0011334982700645924,-0.0011334982700645924,-0.0011334982700645924,0.0,0.0011334982700645924,[1],torch.float32,student_model
student.aux_segmentation_head_list.3.0.weight,128,0,0,True,-0.16563944518566132,0.21610070765018463,-0.01409129984676838,0.08162759989500046,0.933608889579773,"[1, 128, 1, 1]",torch.float32,student_model
student.aux_segmentation_head_list.3.0.bias,1,0,0,True,0.021341513842344284,0.021341513842344284,0.021341513842344284,0.0,0.021341513842344284,[1],torch.float32,student_model
teacher.encoder.conv1.weight,3136,0,0,True,-0.22433902323246002,0.24924208223819733,-0.004606727976351976,0.08625657111406326,4.836483001708984,"[64, 1, 7, 7]",torch.float32,teacher_ema_model
teacher.encoder.bn1.weight,64,0,0,True,0.9069388508796692,1.0969120264053345,0.9977458119392395,0.04186045750975609,7.9888787269592285,[64],torch.float32,teacher_ema_model
teacher.encoder.bn1.bias,64,0,0,True,-0.08598968386650085,0.12288197875022888,0.0077957697212696075,0.05028945207595825,0.4040029048919678,[64],torch.float32,teacher_ema_model
teacher.encoder.bn1.running_mean,64,0,0,True,0.0,0.0,0.0,0.0,0.0,[64],torch.float32,teacher_ema_model
teacher.encoder.bn1.running_var,64,0,0,True,1.0,1.0,1.0,0.0,8.0,[64],torch.float32,teacher_ema_model
teacher.encoder.bn1.num_batches_tracked,1,0,0,True,0.0,0.0,0.0,0.0,0.0,[],torch.int64,teacher_ema_model
teacher.encoder.layer1.0.conv1.weight,36864,0,0,True,-0.25421860814094543,0.23752248287200928,-0.002834161976352334,0.0629458799958229,12.097692489624023,"[64, 64, 3, 3]",torch.float32,teacher_ema_model
teacher.encoder.layer1.0.bn1.weight,64,0,0,True,0.9056483507156372,1.1011147499084473,0.9829986095428467,0.04547245800495148,7.87226676940918,[64],torch.float32,teacher_ema_model
teacher.encoder.layer1.0.bn1.bias,64,0,0,True,-0.07850845158100128,0.08991185575723648,0.006364730652421713,0.04084590822458267,0.32817843556404114,[64],torch.float32,teacher_ema_model
teacher.encoder.layer1.0.bn1.running_mean,64,0,0,True,0.0,0.0,0.0,0.0,0.0,[64],torch.float32,teacher_ema_model
teacher.encoder.layer1.0.bn1.running_var,64,0,0,True,1.0,1.0,1.0,0.0,8.0,[64],torch.float32,teacher_ema_model
teacher.encoder.layer1.0.bn1.num_batches_tracked,1,0,0,True,0.0,0.0,0.0,0.0,0.0,[],torch.int64,teacher_ema_model
teacher.encoder.layer1.0.conv2.weight,36864,0,0,True,-0.26505517959594727,0.2800337076187134,-0.005310865119099617,0.06393297016620636,12.317242622375488,"[64, 64, 3, 3]",torch.float32,teacher_ema_model
teacher.encoder.layer1.0.bn2.weight,64,0,0,True,0.9183355569839478,1.153117299079895,0.9823680520057678,0.033173538744449615,7.863354206085205,[64],torch.float32,teacher_ema_model
teacher.encoder.layer1.0.bn2.bias,64,0,0,True,-0.059615056961774826,0.08905322104692459,0.007484860718250275,0.035522859543561935,0.2882421016693115,[64],torch.float32,teacher_ema_model
teacher.encoder.layer1.0.bn2.running_mean,64,0,0,True,0.0,0.0,0.0,0.0,0.0,[64],torch.float32,teacher_ema_model
teacher.encoder.layer1.0.bn2.running_var,64,0,0,True,1.0,1.0,1.0,0.0,8.0,[64],torch.float32,teacher_ema_model
teacher.encoder.layer1.0.bn2.num_batches_tracked,1,0,0,True,0.0,0.0,0.0,0.0,0.0,[],torch.int64,teacher_ema_model
teacher.encoder.layer1.1.conv1.weight,36864,0,0,True,-0.25216349959373474,0.27179446816444397,0.0007868092507123947,0.06334421783685684,12.162860870361328,"[64, 64, 3, 3]",torch.float32,teacher_ema_model
teacher.encoder.layer1.1.bn1.weight,64,0,0,True,0.9142102599143982,1.0780915021896362,0.9851710796356201,0.03143865987658501,7.885318279266357,[64],torch.float32,teacher_ema_model
teacher.encoder.layer1.1.bn1.bias,64,0,0,True,-0.054513994604349136,0.070266492664814,-0.001669007702730596,0.026640864089131355,0.21187643706798553,[64],torch.float32,teacher_ema_model
teacher.encoder.layer1.1.bn1.running_mean,64,0,0,True,0.0,0.0,0.0,0.0,0.0,[64],torch.float32,teacher_ema_model
teacher.encoder.layer1.1.bn1.running_var,64,0,0,True,1.0,1.0,1.0,0.0,8.0,[64],torch.float32,teacher_ema_model
teacher.encoder.layer1.1.bn1.num_batches_tracked,1,0,0,True,0.0,0.0,0.0,0.0,0.0,[],torch.int64,teacher_ema_model
teacher.encoder.layer1.1.conv2.weight,36864,0,0,True,-0.24858053028583527,0.2468644380569458,-0.004073935095220804,0.06329512596130371,12.17764663696289,"[64, 64, 3, 3]",torch.float32,teacher_ema_model
teacher.encoder.layer1.1.bn2.weight,64,0,0,True,0.9287614226341248,1.0375328063964844,0.976730227470398,0.0260483231395483,7.8165764808654785,[64],torch.float32,teacher_ema_model
teacher.encoder.layer1.1.bn2.bias,64,0,0,True,-0.05506283417344093,0.1013321503996849,0.005734799895435572,0.028269678354263306,0.22902584075927734,[64],torch.float32,teacher_ema_model
teacher.encoder.layer1.1.bn2.running_mean,64,0,0,True,0.0,0.0,0.0,0.0,0.0,[64],torch.float32,teacher_ema_model
teacher.encoder.layer1.1.bn2.running_var,64,0,0,True,1.0,1.0,1.0,0.0,8.0,[64],torch.float32,teacher_ema_model
teacher.encoder.layer1.1.bn2.num_batches_tracked,1,0,0,True,0.0,0.0,0.0,0.0,0.0,[],torch.int64,teacher_ema_model
teacher.encoder.layer1.2.conv1.weight,36864,0,0,True,-0.24769197404384613,0.25979167222976685,-0.002625769702717662,0.06341776996850967,12.186482429504395,"[64, 64, 3, 3]",torch.float32,teacher_ema_model
teacher.encoder.layer1.2.bn1.weight,64,0,0,True,0.9020234942436218,1.0561108589172363,0.9842952489852905,0.03340834006667137,7.8788251876831055,[64],torch.float32,teacher_ema_model
teacher.encoder.layer1.2.bn1.bias,64,0,0,True,-0.06154663860797882,0.10343325138092041,-0.006890160031616688,0.0328308567404747,0.26635289192199707,[64],torch.float32,teacher_ema_model
teacher.encoder.layer1.2.bn1.running_mean,64,0,0,True,0.0,0.0,0.0,0.0,0.0,[64],torch.float32,teacher_ema_model
teacher.encoder.layer1.2.bn1.running_var,64,0,0,True,1.0,1.0,1.0,0.0,8.0,[64],torch.float32,teacher_ema_model
teacher.encoder.layer1.2.bn1.num_batches_tracked,1,0,0,True,0.0,0.0,0.0,0.0,0.0,[],torch.int64,teacher_ema_model
teacher.encoder.layer1.2.conv2.weight,36864,0,0,True,-0.25068655610084534,0.27325761318206787,-0.0025640910025686026,0.06330099701881409,12.163596153259277,"[64, 64, 3, 3]",torch.float32,teacher_ema_model
teacher.encoder.layer1.2.bn2.weight,64,0,0,True,0.9086982011795044,1.0293781757354736,0.9670542478561401,0.026366541162133217,7.739264011383057,[64],torch.float32,teacher_ema_model
teacher.encoder.layer1.2.bn2.bias,64,0,0,True,-0.06648750603199005,0.08132896572351456,0.006014061626046896,0.030300898477435112,0.24527110159397125,[64],torch.float32,teacher_ema_model
teacher.encoder.layer1.2.bn2.running_mean,64,0,0,True,0.0,0.0,0.0,0.0,0.0,[64],torch.float32,teacher_ema_model
teacher.encoder.layer1.2.bn2.running_var,64,0,0,True,1.0,1.0,1.0,0.0,8.0,[64],torch.float32,teacher_ema_model
teacher.encoder.layer1.2.bn2.num_batches_tracked,1,0,0,True,0.0,0.0,0.0,0.0,0.0,[],torch.int64,teacher_ema_model
teacher.encoder.layer2.0.conv1.weight,73728,0,0,True,-0.20675741136074066,0.2136785387992859,-0.0011635528644546866,0.04597526416182518,12.487529754638672,"[128, 64, 3, 3]",torch.float32,teacher_ema_model
teacher.encoder.layer2.0.bn1.weight,128,0,0,True,0.92198646068573,1.0650734901428223,0.9862347841262817,0.02531452849507332,11.161619186401367,[128],torch.float32,teacher_ema_model
teacher.encoder.layer2.0.bn1.bias,128,0,0,True,-0.07700055092573166,0.0654948353767395,0.007657474838197231,0.029099848121404648,0.3391891419887543,[128],torch.float32,teacher_ema_model
teacher.encoder.layer2.0.bn1.running_mean,128,0,0,True,0.0,0.0,0.0,0.0,0.0,[128],torch.float32,teacher_ema_model
teacher.encoder.layer2.0.bn1.running_var,128,0,0,True,1.0,1.0,1.0,0.0,11.313708305358887,[128],torch.float32,teacher_ema_model
teacher.encoder.layer2.0.bn1.num_batches_tracked,1,0,0,True,0.0,0.0,0.0,0.0,0.0,[],torch.int64,teacher_ema_model
teacher.encoder.layer2.0.conv2.weight,147456,0,0,True,-0.19405916333198547,0.234787717461586,-0.0024790195748209953,0.04592765495181084,17.661821365356445,"[128, 128, 3, 3]",torch.float32,teacher_ema_model
teacher.encoder.layer2.0.bn2.weight,128,0,0,True,0.9139415621757507,1.10101318359375,0.9904643297195435,0.03204958513379097,11.21164321899414,[128],torch.float32,teacher_ema_model
teacher.encoder.layer2.0.bn2.bias,128,0,0,True,-0.04929351434111595,0.15695753693580627,0.027786629274487495,0.04153451323509216,0.563842236995697,[128],torch.float32,teacher_ema_model
teacher.encoder.layer2.0.bn2.running_mean,128,0,0,True,0.0,0.0,0.0,0.0,0.0,[128],torch.float32,teacher_ema_model
teacher.encoder.layer2.0.bn2.running_var,128,0,0,True,1.0,1.0,1.0,0.0,11.313708305358887,[128],torch.float32,teacher_ema_model
teacher.encoder.layer2.0.bn2.num_batches_tracked,1,0,0,True,0.0,0.0,0.0,0.0,0.0,[],torch.int64,teacher_ema_model
teacher.encoder.layer2.0.downsample.0.weight,8192,0,0,True,-0.4661465287208557,0.5056726336479187,-0.0014969811309129,0.1280808299779892,11.592636108398438,"[128, 64, 1, 1]",torch.float32,teacher_ema_model
teacher.encoder.layer2.0.downsample.1.weight,128,0,0,True,0.9286519885063171,1.1094189882278442,1.0167725086212158,0.04174717515707016,11.513082504272461,[128],torch.float32,teacher_ema_model
teacher.encoder.layer2.0.downsample.1.bias,128,0,0,True,-0.04929351434111595,0.15695753693580627,0.027786629274487495,0.04153451323509216,0.563842236995697,[128],torch.float32,teacher_ema_model
teacher.encoder.layer2.0.downsample.1.running_mean,128,0,0,True,0.0,0.0,0.0,0.0,0.0,[128],torch.float32,teacher_ema_model
teacher.encoder.layer2.0.downsample.1.running_var,128,0,0,True,1.0,1.0,1.0,0.0,11.313708305358887,[128],torch.float32,teacher_ema_model
teacher.encoder.layer2.0.downsample.1.num_batches_tracked,1,0,0,True,0.0,0.0,0.0,0.0,0.0,[],torch.int64,teacher_ema_model
teacher.encoder.layer2.1.conv1.weight,147456,0,0,True,-0.207891583442688,0.2300487756729126,-0.0009159104083664715,0.04623495042324066,17.757625579833984,"[128, 128, 3, 3]",torch.float32,teacher_ema_model
teacher.encoder.layer2.1.bn1.weight,128,0,0,True,0.9132317900657654,1.1070951223373413,0.9863108396530151,0.035208623856306076,11.165885925292969,[128],torch.float32,teacher_ema_model
teacher.encoder.layer2.1.bn1.bias,128,0,0,True,-0.06486591696739197,0.1417916715145111,0.00521776033565402,0.03800296038389206,0.4323209226131439,[128],torch.float32,teacher_ema_model
teacher.encoder.layer2.1.bn1.running_mean,128,0,0,True,0.0,0.0,0.0,0.0,0.0,[128],torch.float32,teacher_ema_model
teacher.encoder.layer2.1.bn1.running_var,128,0,0,True,1.0,1.0,1.0,0.0,11.313708305358887,[128],torch.float32,teacher_ema_model
teacher.encoder.layer2.1.bn1.num_batches_tracked,1,0,0,True,0.0,0.0,0.0,0.0,0.0,[],torch.int64,teacher_ema_model
teacher.encoder.layer2.1.conv2.weight,147456,0,0,True,-0.21168018877506256,0.2436196506023407,-0.002409792970865965,0.04625753313302994,17.78691864013672,"[128, 128, 3, 3]",torch.float32,teacher_ema_model
teacher.encoder.layer2.1.bn2.weight,128,0,0,True,0.9215447902679443,1.0524202585220337,0.9770107269287109,0.025109630078077316,11.057236671447754,[128],torch.float32,teacher_ema_model
teacher.encoder.layer2.1.bn2.bias,128,0,0,True,-0.07754871994256973,0.10267499834299088,0.01637357659637928,0.03807885944843292,0.4674034118652344,[128],torch.float32,teacher_ema_model
teacher.encoder.layer2.1.bn2.running_mean,128,0,0,True,0.0,0.0,0.0,0.0,0.0,[128],torch.float32,teacher_ema_model
teacher.encoder.layer2.1.bn2.running_var,128,0,0,True,1.0,1.0,1.0,0.0,11.313708305358887,[128],torch.float32,teacher_ema_model
teacher.encoder.layer2.1.bn2.num_batches_tracked,1,0,0,True,0.0,0.0,0.0,0.0,0.0,[],torch.int64,teacher_ema_model
teacher.encoder.layer2.2.conv1.weight,147456,0,0,True,-0.21930654346942902,0.21777741611003876,-0.0011699049500748515,0.04591520503163338,17.6370849609375,"[128, 128, 3, 3]",torch.float32,teacher_ema_model
teacher.encoder.layer2.2.bn1.weight,128,0,0,True,0.9148505926132202,1.1031357049942017,0.9854100942611694,0.03367016837000847,11.155097961425781,[128],torch.float32,teacher_ema_model
teacher.encoder.layer2.2.bn1.bias,128,0,0,True,-0.0836474820971489,0.11885827779769897,0.005538927391171455,0.039428647607564926,0.44873547554016113,[128],torch.float32,teacher_ema_model
teacher.encoder.layer2.2.bn1.running_mean,128,0,0,True,0.0,0.0,0.0,0.0,0.0,[128],torch.float32,teacher_ema_model
teacher.encoder.layer2.2.bn1.running_var,128,0,0,True,1.0,1.0,1.0,0.0,11.313708305358887,[128],torch.float32,teacher_ema_model
teacher.encoder.layer2.2.bn1.num_batches_tracked,1,0,0,True,0.0,0.0,0.0,0.0,0.0,[],torch.int64,teacher_ema_model
teacher.encoder.layer2.2.conv2.weight,147456,0,0,True,-0.20549136400222778,0.2297709882259369,-0.0028292324859648943,0.04623031243681908,17.785573959350586,"[128, 128, 3, 3]",torch.float32,teacher_ema_model
teacher.encoder.layer2.2.bn2.weight,128,0,0,True,0.9097747206687927,1.0339401960372925,0.9718610644340515,0.023307954892516136,10.998490333557129,[128],torch.float32,teacher_ema_model
teacher.encoder.layer2.2.bn2.bias,128,0,0,True,-0.09802155941724777,0.11940278112888336,0.017179638147354126,0.03768963739275932,0.4671001434326172,[128],torch.float32,teacher_ema_model
teacher.encoder.layer2.2.bn2.running_mean,128,0,0,True,0.0,0.0,0.0,0.0,0.0,[128],torch.float32,teacher_ema_model
teacher.encoder.layer2.2.bn2.running_var,128,0,0,True,1.0,1.0,1.0,0.0,11.313708305358887,[128],torch.float32,teacher_ema_model
teacher.encoder.layer2.2.bn2.num_batches_tracked,1,0,0,True,0.0,0.0,0.0,0.0,0.0,[],torch.int64,teacher_ema_model
teacher.encoder.layer2.3.conv1.weight,147456,0,0,True,-0.21480631828308105,0.23348450660705566,-0.0009358609095215797,0.04652463644742966,17.869009017944336,"[128, 128, 3, 3]",torch.float32,teacher_ema_model
teacher.encoder.layer2.3.bn1.weight,128,0,0,True,0.8936282396316528,1.1160972118377686,0.9817489981651306,0.04134088009595871,11.116989135742188,[128],torch.float32,teacher_ema_model
teacher.encoder.layer2.3.bn1.bias,128,0,0,True,-0.12998411059379578,0.07848530262708664,-0.012483859434723854,0.03843606635928154,0.4555979073047638,[128],torch.float32,teacher_ema_model
teacher.encoder.layer2.3.bn1.running_mean,128,0,0,True,0.0,0.0,0.0,0.0,0.0,[128],torch.float32,teacher_ema_model
teacher.encoder.layer2.3.bn1.running_var,128,0,0,True,1.0,1.0,1.0,0.0,11.313708305358887,[128],torch.float32,teacher_ema_model
teacher.encoder.layer2.3.bn1.num_batches_tracked,1,0,0,True,0.0,0.0,0.0,0.0,0.0,[],torch.int64,teacher_ema_model
teacher.encoder.layer2.3.conv2.weight,147456,0,0,True,-0.21003860235214233,0.18746040761470795,-0.004374280106276274,0.04639885202050209,17.896093368530273,"[128, 128, 3, 3]",torch.float32,teacher_ema_model
teacher.encoder.layer2.3.bn2.weight,128,0,0,True,0.8963882327079773,1.054282546043396,0.9679619669914246,0.028035204857587814,10.955796241760254,[128],torch.float32,teacher_ema_model
teacher.encoder.layer2.3.bn2.bias,128,0,0,True,-0.10614023357629776,0.09567046910524368,0.014697613194584846,0.03145509213209152,0.3915446996688843,[128],torch.float32,teacher_ema_model
teacher.encoder.layer2.3.bn2.running_mean,128,0,0,True,0.0,0.0,0.0,0.0,0.0,[128],torch.float32,teacher_ema_model
teacher.encoder.layer2.3.bn2.running_var,128,0,0,True,1.0,1.0,1.0,0.0,11.313708305358887,[128],torch.float32,teacher_ema_model
teacher.encoder.layer2.3.bn2.num_batches_tracked,1,0,0,True,0.0,0.0,0.0,0.0,0.0,[],torch.int64,teacher_ema_model
teacher.encoder.layer3.0.conv1.weight,294912,0,0,True,-0.15016454458236694,0.2071949541568756,-0.001700095133855939,0.03358379751443863,18.26123046875,"[256, 128, 3, 3]",torch.float32,teacher_ema_model
teacher.encoder.layer3.0.bn1.weight,256,0,0,True,0.8652695417404175,1.0686041116714478,0.9850541353225708,0.03343474864959717,15.76990795135498,[256],torch.float32,teacher_ema_model
teacher.encoder.layer3.0.bn1.bias,256,0,0,True,-0.13801726698875427,0.13218578696250916,0.018486401066184044,0.04536696523427963,0.7825077772140503,[256],torch.float32,teacher_ema_model
teacher.encoder.layer3.0.bn1.running_mean,256,0,0,True,0.0,0.0,0.0,0.0,0.0,[256],torch.float32,teacher_ema_model
teacher.encoder.layer3.0.bn1.running_var,256,0,0,True,1.0,1.0,1.0,0.0,16.0,[256],torch.float32,teacher_ema_model
teacher.encoder.layer3.0.bn1.num_batches_tracked,1,0,0,True,0.0,0.0,0.0,0.0,0.0,[],torch.int64,teacher_ema_model
teacher.encoder.layer3.0.conv2.weight,589824,0,0,True,-0.2205115407705307,0.19222190976142883,-0.0011907829903066158,0.03453347831964493,26.537281036376953,"[256, 256, 3, 3]",torch.float32,teacher_ema_model
teacher.encoder.layer3.0.bn2.weight,256,0,0,True,0.9208697080612183,1.120164394378662,1.0005366802215576,0.033820971846580505,16.0176944732666,[256],torch.float32,teacher_ema_model
teacher.encoder.layer3.0.bn2.bias,256,0,0,True,-0.06833794713020325,0.18077115714550018,0.03366499021649361,0.044522080570459366,0.891963005065918,[256],torch.float32,teacher_ema_model
teacher.encoder.layer3.0.bn2.running_mean,256,0,0,True,0.0,0.0,0.0,0.0,0.0,[256],torch.float32,teacher_ema_model
teacher.encoder.layer3.0.bn2.running_var,256,0,0,True,1.0,1.0,1.0,0.0,16.0,[256],torch.float32,teacher_ema_model
teacher.encoder.layer3.0.bn2.num_batches_tracked,1,0,0,True,0.0,0.0,0.0,0.0,0.0,[],torch.int64,teacher_ema_model
teacher.encoder.layer3.0.downsample.0.weight,32768,0,0,True,-0.34711602330207825,0.3443036675453186,0.0012217095354571939,0.0916568860411644,16.5928897857666,"[256, 128, 1, 1]",torch.float32,teacher_ema_model
teacher.encoder.layer3.0.downsample.1.weight,256,0,0,True,0.9191551208496094,1.1403100490570068,1.0260127782821655,0.04016537591814995,16.428730010986328,[256],torch.float32,teacher_ema_model
teacher.encoder.layer3.0.downsample.1.bias,256,0,0,True,-0.06833794713020325,0.18077115714550018,0.03366499021649361,0.044522080570459366,0.891963005065918,[256],torch.float32,teacher_ema_model
teacher.encoder.layer3.0.downsample.1.running_mean,256,0,0,True,0.0,0.0,0.0,0.0,0.0,[256],torch.float32,teacher_ema_model
teacher.encoder.layer3.0.downsample.1.running_var,256,0,0,True,1.0,1.0,1.0,0.0,16.0,[256],torch.float32,teacher_ema_model
teacher.encoder.layer3.0.downsample.1.num_batches_tracked,1,0,0,True,0.0,0.0,0.0,0.0,0.0,[],torch.int64,teacher_ema_model
teacher.encoder.layer3.1.conv1.weight,589824,0,0,True,-0.17091992497444153,0.17440667748451233,-0.0007826541550457478,0.034154847264289856,26.237634658813477,"[256, 256, 3, 3]",torch.float32,teacher_ema_model
teacher.encoder.layer3.1.bn1.weight,256,0,0,True,0.8871470093727112,1.1043410301208496,0.9850105047225952,0.033926211297512054,15.769476890563965,[256],torch.float32,teacher_ema_model
teacher.encoder.layer3.1.bn1.bias,256,0,0,True,-0.09960713982582092,0.10522516816854477,0.0030435658991336823,0.03629079461097717,0.581559956073761,[256],torch.float32,teacher_ema_model
teacher.encoder.layer3.1.bn1.running_mean,256,0,0,True,0.0,0.0,0.0,0.0,0.0,[256],torch.float32,teacher_ema_model
teacher.encoder.layer3.1.bn1.running_var,256,0,0,True,1.0,1.0,1.0,0.0,16.0,[256],torch.float32,teacher_ema_model
teacher.encoder.layer3.1.bn1.num_batches_tracked,1,0,0,True,0.0,0.0,0.0,0.0,0.0,[],torch.int64,teacher_ema_model
teacher.encoder.layer3.1.conv2.weight,589824,0,0,True,-0.18165746331214905,0.1777331382036209,-0.002283953595906496,0.03489188477396965,26.854150772094727,"[256, 256, 3, 3]",torch.float32,teacher_ema_model
teacher.encoder.layer3.1.bn2.weight,256,0,0,True,0.903698742389679,1.080403447151184,0.968870997428894,0.025370478630065918,15.50722885131836,[256],torch.float32,teacher_ema_model
teacher.encoder.layer3.1.bn2.bias,256,0,0,True,-0.06922537088394165,0.16377587616443634,0.011462504044175148,0.034837644547224045,0.5857638120651245,[256],torch.float32,teacher_ema_model
teacher.encoder.layer3.1.bn2.running_mean,256,0,0,True,0.0,0.0,0.0,0.0,0.0,[256],torch.float32,teacher_ema_model
teacher.encoder.layer3.1.bn2.running_var,256,0,0,True,1.0,1.0,1.0,0.0,16.0,[256],torch.float32,teacher_ema_model
teacher.encoder.layer3.1.bn2.num_batches_tracked,1,0,0,True,0.0,0.0,0.0,0.0,0.0,[],torch.int64,teacher_ema_model
teacher.encoder.layer3.2.conv1.weight,589824,0,0,True,-0.15187126398086548,0.19862443208694458,-0.0008291106205433607,0.03388967365026474,26.03490447998047,"[256, 256, 3, 3]",torch.float32,teacher_ema_model
teacher.encoder.layer3.2.bn1.weight,256,0,0,True,0.8915565609931946,1.072767972946167,0.9854059219360352,0.030917765572667122,15.774223327636719,[256],torch.float32,teacher_ema_model
teacher.encoder.layer3.2.bn1.bias,256,0,0,True,-0.08115663379430771,0.10290197283029556,0.008953467942774296,0.035377923399209976,0.5828203558921814,[256],torch.float32,teacher_ema_model
teacher.encoder.layer3.2.bn1.running_mean,256,0,0,True,0.0,0.0,0.0,0.0,0.0,[256],torch.float32,teacher_ema_model
teacher.encoder.layer3.2.bn1.running_var,256,0,0,True,1.0,1.0,1.0,0.0,16.0,[256],torch.float32,teacher_ema_model
teacher.encoder.layer3.2.bn1.num_batches_tracked,1,0,0,True,0.0,0.0,0.0,0.0,0.0,[],torch.int64,teacher_ema_model
teacher.encoder.layer3.2.conv2.weight,589824,0,0,True,-0.1732463836669922,0.18309462070465088,-0.002853190526366234,0.034816451370716095,26.828519821166992,"[256, 256, 3, 3]",torch.float32,teacher_ema_model
teacher.encoder.layer3.2.bn2.weight,256,0,0,True,0.8687166571617126,1.0410807132720947,0.9586519598960876,0.02483893558382988,15.343559265136719,[256],torch.float32,teacher_ema_model
teacher.encoder.layer3.2.bn2.bias,256,0,0,True,-0.06934668123722076,0.07664187997579575,0.0034930205438286066,0.028163554146885872,0.45319512486457825,[256],torch.float32,teacher_ema_model
teacher.encoder.layer3.2.bn2.running_mean,256,0,0,True,0.0,0.0,0.0,0.0,0.0,[256],torch.float32,teacher_ema_model
teacher.encoder.layer3.2.bn2.running_var,256,0,0,True,1.0,1.0,1.0,0.0,16.0,[256],torch.float32,teacher_ema_model
teacher.encoder.layer3.2.bn2.num_batches_tracked,1,0,0,True,0.0,0.0,0.0,0.0,0.0,[],torch.int64,teacher_ema_model
teacher.encoder.layer3.3.conv1.weight,589824,0,0,True,-0.17069567739963531,0.1786338835954666,-0.0013233460485935211,0.03403725102543831,26.160207748413086,"[256, 256, 3, 3]",torch.float32,teacher_ema_model
teacher.encoder.layer3.3.bn1.weight,256,0,0,True,0.8828957080841064,1.0805877447128296,0.9867835640907288,0.03229864686727524,15.79695987701416,[256],torch.float32,teacher_ema_model
teacher.encoder.layer3.3.bn1.bias,256,0,0,True,-0.07587935030460358,0.1036226898431778,0.010329860262572765,0.03518913313746452,0.5857276320457458,[256],torch.float32,teacher_ema_model
teacher.encoder.layer3.3.bn1.running_mean,256,0,0,True,0.0,0.0,0.0,0.0,0.0,[256],torch.float32,teacher_ema_model
teacher.encoder.layer3.3.bn1.running_var,256,0,0,True,1.0,1.0,1.0,0.0,16.0,[256],torch.float32,teacher_ema_model
teacher.encoder.layer3.3.bn1.num_batches_tracked,1,0,0,True,0.0,0.0,0.0,0.0,0.0,[],torch.int64,teacher_ema_model
teacher.encoder.layer3.3.conv2.weight,589824,0,0,True,-0.18571653962135315,0.2081969827413559,-0.0027698904741555452,0.03498304635286331,26.950868606567383,"[256, 256, 3, 3]",torch.float32,teacher_ema_model
teacher.encoder.layer3.3.bn2.weight,256,0,0,True,0.8721402287483215,1.0279371738433838,0.9584923982620239,0.026895230636000633,15.341891288757324,[256],torch.float32,teacher_ema_model
teacher.encoder.layer3.3.bn2.bias,256,0,0,True,-0.0772840827703476,0.08280664682388306,0.0001444702793378383,0.025160573422908783,0.40178877115249634,[256],torch.float32,teacher_ema_model
teacher.encoder.layer3.3.bn2.running_mean,256,0,0,True,0.0,0.0,0.0,0.0,0.0,[256],torch.float32,teacher_ema_model
teacher.encoder.layer3.3.bn2.running_var,256,0,0,True,1.0,1.0,1.0,0.0,16.0,[256],torch.float32,teacher_ema_model
teacher.encoder.layer3.3.bn2.num_batches_tracked,1,0,0,True,0.0,0.0,0.0,0.0,0.0,[],torch.int64,teacher_ema_model
teacher.encoder.layer3.4.conv1.weight,589824,0,0,True,-0.19975557923316956,0.1840372234582901,-0.0014511286281049252,0.03427942842245102,26.349987030029297,"[256, 256, 3, 3]",torch.float32,teacher_ema_model
teacher.encoder.layer3.4.bn1.weight,256,0,0,True,0.9021766185760498,1.1348849534988403,0.9867095947265625,0.03869139775633812,15.7994384765625,[256],torch.float32,teacher_ema_model
teacher.encoder.layer3.4.bn1.bias,256,0,0,True,-0.09166380763053894,0.09005115926265717,0.0017479350790381432,0.03177804499864578,0.5082247257232666,[256],torch.float32,teacher_ema_model
teacher.encoder.layer3.4.bn1.running_mean,256,0,0,True,0.0,0.0,0.0,0.0,0.0,[256],torch.float32,teacher_ema_model
teacher.encoder.layer3.4.bn1.running_var,256,0,0,True,1.0,1.0,1.0,0.0,16.0,[256],torch.float32,teacher_ema_model
teacher.encoder.layer3.4.bn1.num_batches_tracked,1,0,0,True,0.0,0.0,0.0,0.0,0.0,[],torch.int64,teacher_ema_model
teacher.encoder.layer3.4.conv2.weight,589824,0,0,True,-0.18610689043998718,0.19315408170223236,-0.0027031833305954933,0.03529822826385498,27.188251495361328,"[256, 256, 3, 3]",torch.float32,teacher_ema_model
teacher.encoder.layer3.4.bn2.weight,256,0,0,True,0.8493630290031433,1.0404455661773682,0.9615921974182129,0.031223900616168976,15.39355182647705,[256],torch.float32,teacher_ema_model
teacher.encoder.layer3.4.bn2.bias,256,0,0,True,-0.07974612712860107,0.0722297728061676,-0.002002537017688155,0.02341744303703308,0.37531670928001404,[256],torch.float32,teacher_ema_model
teacher.encoder.layer3.4.bn2.running_mean,256,0,0,True,0.0,0.0,0.0,0.0,0.0,[256],torch.float32,teacher_ema_model
teacher.encoder.layer3.4.bn2.running_var,256,0,0,True,1.0,1.0,1.0,0.0,16.0,[256],torch.float32,teacher_ema_model
teacher.encoder.layer3.4.bn2.num_batches_tracked,1,0,0,True,0.0,0.0,0.0,0.0,0.0,[],torch.int64,teacher_ema_model
teacher.encoder.layer3.5.conv1.weight,589824,0,0,True,-0.1844206154346466,0.18017049133777618,-0.001474782358855009,0.034958790987730026,26.87206268310547,"[256, 256, 3, 3]",torch.float32,teacher_ema_model
teacher.encoder.layer3.5.bn1.weight,256,0,0,True,0.8746689558029175,1.13687002658844,0.9823775887489319,0.04932839795947075,15.737767219543457,[256],torch.float32,teacher_ema_model
teacher.encoder.layer3.5.bn1.bias,256,0,0,True,-0.10613609850406647,0.07143686711788177,-0.007535104639828205,0.03220672905445099,0.5282422304153442,[256],torch.float32,teacher_ema_model
teacher.encoder.layer3.5.bn1.running_mean,256,0,0,True,0.0,0.0,0.0,0.0,0.0,[256],torch.float32,teacher_ema_model
teacher.encoder.layer3.5.bn1.running_var,256,0,0,True,1.0,1.0,1.0,0.0,16.0,[256],torch.float32,teacher_ema_model
teacher.encoder.layer3.5.bn1.num_batches_tracked,1,0,0,True,0.0,0.0,0.0,0.0,0.0,[],torch.int64,teacher_ema_model
teacher.encoder.layer3.5.conv2.weight,589824,0,0,True,-0.18223996460437775,0.20459896326065063,-0.0021307438146322966,0.0355975478887558,27.38768768310547,"[256, 256, 3, 3]",torch.float32,teacher_ema_model
teacher.encoder.layer3.5.bn2.weight,256,0,0,True,0.8528281450271606,1.0459692478179932,0.9658569693565369,0.036498308181762695,15.46469783782959,[256],torch.float32,teacher_ema_model
teacher.encoder.layer3.5.bn2.bias,256,0,0,True,-0.07047861069440842,0.040267057716846466,-0.007140091620385647,0.01951861009001732,0.3319639265537262,[256],torch.float32,teacher_ema_model
teacher.encoder.layer3.5.bn2.running_mean,256,0,0,True,0.0,0.0,0.0,0.0,0.0,[256],torch.float32,teacher_ema_model
teacher.encoder.layer3.5.bn2.running_var,256,0,0,True,1.0,1.0,1.0,0.0,16.0,[256],torch.float32,teacher_ema_model
teacher.encoder.layer3.5.bn2.num_batches_tracked,1,0,0,True,0.0,0.0,0.0,0.0,0.0,[],torch.int64,teacher_ema_model
teacher.encoder.layer4.0.conv1.weight,1179648,0,0,True,-0.18066008388996124,0.16701112687587738,-0.0019608624279499054,0.02860536053776741,31.141260147094727,"[512, 256, 3, 3]",torch.float32,teacher_ema_model
teacher.encoder.layer4.0.bn1.weight,512,0,0,True,0.8799381256103516,1.1111698150634766,0.984601616859436,0.03587130084633827,22.293743133544922,[512],torch.float32,teacher_ema_model
teacher.encoder.layer4.0.bn1.bias,512,0,0,True,-0.07238555699586868,0.12892967462539673,0.016282889991998672,0.03658144921064377,0.9053006172180176,[512],torch.float32,teacher_ema_model
teacher.encoder.layer4.0.bn1.running_mean,512,0,0,True,0.0,0.0,0.0,0.0,0.0,[512],torch.float32,teacher_ema_model
teacher.encoder.layer4.0.bn1.running_var,512,0,0,True,1.0,1.0,1.0,0.0,22.627416610717773,[512],torch.float32,teacher_ema_model
teacher.encoder.layer4.0.bn1.num_batches_tracked,1,0,0,True,0.0,0.0,0.0,0.0,0.0,[],torch.int64,teacher_ema_model
teacher.encoder.layer4.0.conv2.weight,2359296,0,0,True,-0.1843460351228714,0.18636560440063477,-0.002940497361123562,0.0293082594871521,45.241912841796875,"[512, 512, 3, 3]",torch.float32,teacher_ema_model
teacher.encoder.layer4.0.bn2.weight,512,0,0,True,0.895632803440094,1.0934230089187622,0.991762638092041,0.03441182151436806,22.454505920410156,[512],torch.float32,teacher_ema_model
teacher.encoder.layer4.0.bn2.bias,512,0,0,True,-0.07544494420289993,0.10921256244182587,0.01896854117512703,0.03299414739012718,0.8605242371559143,[512],torch.float32,teacher_ema_model
teacher.encoder.layer4.0.bn2.running_mean,512,0,0,True,0.0,0.0,0.0,0.0,0.0,[512],torch.float32,teacher_ema_model
teacher.encoder.layer4.0.bn2.running_var,512,0,0,True,1.0,1.0,1.0,0.0,22.627416610717773,[512],torch.float32,teacher_ema_model
teacher.encoder.layer4.0.bn2.num_batches_tracked,1,0,0,True,0.0,0.0,0.0,0.0,0.0,[],torch.int64,teacher_ema_model
teacher.encoder.layer4.0.downsample.0.weight,131072,0,0,True,-0.32721513509750366,0.31738516688346863,-0.0022237745579332113,0.0686383992433548,24.862680435180664,"[512, 256, 1, 1]",torch.float32,teacher_ema_model
teacher.encoder.layer4.0.downsample.1.weight,512,0,0,True,0.9092423915863037,1.1083394289016724,1.0026023387908936,0.030848180875182152,22.697017669677734,[512],torch.float32,teacher_ema_model
teacher.encoder.layer4.0.downsample.1.bias,512,0,0,True,-0.07544494420289993,0.10921256244182587,0.01896854117512703,0.03299414739012718,0.8605242371559143,[512],torch.float32,teacher_ema_model
teacher.encoder.layer4.0.downsample.1.running_mean,512,0,0,True,0.0,0.0,0.0,0.0,0.0,[512],torch.float32,teacher_ema_model
teacher.encoder.layer4.0.downsample.1.running_var,512,0,0,True,1.0,1.0,1.0,0.0,22.627416610717773,[512],torch.float32,teacher_ema_model
teacher.encoder.layer4.0.downsample.1.num_batches_tracked,1,0,0,True,0.0,0.0,0.0,0.0,0.0,[],torch.int64,teacher_ema_model
teacher.encoder.layer4.1.conv1.weight,2359296,0,0,True,-0.17733770608901978,0.18735450506210327,-0.0013961539370939136,0.029396194964647293,45.20181655883789,"[512, 512, 3, 3]",torch.float32,teacher_ema_model
teacher.encoder.layer4.1.bn1.weight,512,0,0,True,0.8576231002807617,1.1207550764083862,0.9800485968589783,0.045580729842185974,22.199893951416016,[512],torch.float32,teacher_ema_model
teacher.encoder.layer4.1.bn1.bias,512,0,0,True,-0.0862889289855957,0.16858045756816864,0.012137237936258316,0.041998930275440216,0.9883228540420532,[512],torch.float32,teacher_ema_model
teacher.encoder.layer4.1.bn1.running_mean,512,0,0,True,0.0,0.0,0.0,0.0,0.0,[512],torch.float32,teacher_ema_model
teacher.encoder.layer4.1.bn1.running_var,512,0,0,True,1.0,1.0,1.0,0.0,22.627416610717773,[512],torch.float32,teacher_ema_model
teacher.encoder.layer4.1.bn1.num_batches_tracked,1,0,0,True,0.0,0.0,0.0,0.0,0.0,[],torch.int64,teacher_ema_model
teacher.encoder.layer4.1.conv2.weight,2359296,0,0,True,-0.1840202659368515,0.1830725073814392,-0.0024594892747700214,0.029964547604322433,46.178611755371094,"[512, 512, 3, 3]",torch.float32,teacher_ema_model
teacher.encoder.layer4.1.bn2.weight,512,0,0,True,0.7966587543487549,1.1143372058868408,0.990433931350708,0.04303111508488655,22.43206024169922,[512],torch.float32,teacher_ema_model
teacher.encoder.layer4.1.bn2.bias,512,0,0,True,-0.09211073070764542,0.15496604144573212,0.020737240090966225,0.03907601907849312,1.0002204179763794,[512],torch.float32,teacher_ema_model
teacher.encoder.layer4.1.bn2.running_mean,512,0,0,True,0.0,0.0,0.0,0.0,0.0,[512],torch.float32,teacher_ema_model
teacher.encoder.layer4.1.bn2.running_var,512,0,0,True,1.0,1.0,1.0,0.0,22.627416610717773,[512],torch.float32,teacher_ema_model
teacher.encoder.layer4.1.bn2.num_batches_tracked,1,0,0,True,0.0,0.0,0.0,0.0,0.0,[],torch.int64,teacher_ema_model
teacher.encoder.layer4.2.conv1.weight,2359296,0,0,True,-0.1772092580795288,0.17868442833423615,-0.0008313427679240704,0.02996927499771118,46.04865646362305,"[512, 512, 3, 3]",torch.float32,teacher_ema_model
teacher.encoder.layer4.2.bn1.weight,512,0,0,True,0.852047860622406,1.1059229373931885,0.9823153018951416,0.035042375326156616,22.241369247436523,[512],torch.float32,teacher_ema_model
teacher.encoder.layer4.2.bn1.bias,512,0,0,True,-0.08858561515808105,0.12730902433395386,0.02175101637840271,0.038026101887226105,0.9905194044113159,[512],torch.float32,teacher_ema_model
teacher.encoder.layer4.2.bn1.running_mean,512,0,0,True,0.0,0.0,0.0,0.0,0.0,[512],torch.float32,teacher_ema_model
teacher.encoder.layer4.2.bn1.running_var,512,0,0,True,1.0,1.0,1.0,0.0,22.627416610717773,[512],torch.float32,teacher_ema_model
teacher.encoder.layer4.2.bn1.num_batches_tracked,1,0,0,True,0.0,0.0,0.0,0.0,0.0,[],torch.int64,teacher_ema_model
teacher.encoder.layer4.2.conv2.weight,2359296,0,0,True,-0.1989298164844513,0.1940116137266159,-0.0046661547385156155,0.02896023914217949,45.055118560791016,"[512, 512, 3, 3]",torch.float32,teacher_ema_model
teacher.encoder.layer4.2.bn2.weight,512,0,0,True,0.8345852494239807,1.0427992343902588,0.9673526287078857,0.03542039170861244,21.903331756591797,[512],torch.float32,teacher_ema_model
teacher.encoder.layer4.2.bn2.bias,512,0,0,True,-0.09229474514722824,0.1590643674135208,0.022113943472504616,0.03807563707232475,0.995593249797821,[512],torch.float32,teacher_ema_model
teacher.encoder.layer4.2.bn2.running_mean,512,0,0,True,0.0,0.0,0.0,0.0,0.0,[512],torch.float32,teacher_ema_model
teacher.encoder.layer4.2.bn2.running_var,512,0,0,True,1.0,1.0,1.0,0.0,22.627416610717773,[512],torch.float32,teacher_ema_model
teacher.encoder.layer4.2.bn2.num_batches_tracked,1,0,0,True,0.0,0.0,0.0,0.0,0.0,[],torch.int64,teacher_ema_model
teacher.decoder.p5.weight,131072,0,0,True,-0.1388430893421173,0.11047335714101791,0.0012330918107181787,0.029644249007105827,10.741598129272461,"[256, 512, 1, 1]",torch.float32,teacher_ema_model
teacher.decoder.p5.bias,256,0,0,True,-0.05296742543578148,0.053725067526102066,0.0027145869098603725,0.028406985104084015,0.4556977450847626,[256],torch.float32,teacher_ema_model
teacher.decoder.p4.skip_conv.weight,65536,0,0,True,-0.13550424575805664,0.1051596850156784,0.00027363034314475954,0.03741172328591347,9.577582359313965,"[256, 256, 1, 1]",torch.float32,teacher_ema_model
teacher.decoder.p4.skip_conv.bias,256,0,0,True,-0.06669104099273682,0.06930417567491531,0.0012344762217253447,0.03604389727115631,0.575913667678833,[256],torch.float32,teacher_ema_model
teacher.decoder.p3.skip_conv.weight,32768,0,0,True,-0.20282375812530518,0.1620626151561737,0.0018952414393424988,0.05429050326347351,9.833468437194824,"[256, 128, 1, 1]",torch.float32,teacher_ema_model
teacher.decoder.p3.skip_conv.bias,256,0,0,True,-0.09048369526863098,0.09091417491436005,-0.0015747547149658203,0.05019935220479965,0.8020152449607849,[256],torch.float32,teacher_ema_model
teacher.decoder.p2.skip_conv.weight,16384,0,0,True,-0.2222658097743988,0.24155579507350922,-3.215557080693543e-05,0.07376781851053238,9.44199275970459,"[256, 64, 1, 1]",torch.float32,teacher_ema_model
teacher.decoder.p2.skip_conv.bias,256,0,0,True,-0.12837862968444824,0.12757918238639832,-0.00015957595314830542,0.07362505793571472,1.1757006645202637,[256],torch.float32,teacher_ema_model
teacher.decoder.seg_blocks.0.block.0.block.0.weight,294912,0,0,True,-0.12569944560527802,0.12662741541862488,-0.00015870954666752368,0.017663387581706047,9.592592239379883,"[128, 256, 3, 3]",torch.float32,teacher_ema_model
teacher.decoder.seg_blocks.0.block.0.block.1.weight,128,0,0,True,0.9142699241638184,1.1203455924987793,0.9846241474151611,0.023412657901644707,11.142875671386719,[128],torch.float32,teacher_ema_model
teacher.decoder.seg_blocks.0.block.0.block.1.bias,128,0,0,True,-0.07773414999246597,0.055654458701610565,0.003229516325518489,0.01889149472117424,0.21600893139839172,[128],torch.float32,teacher_ema_model
teacher.decoder.seg_blocks.0.block.1.block.0.weight,147456,0,0,True,-0.17400099337100983,0.2079513967037201,-0.0028570794966071844,0.0211515910923481,8.195941925048828,"[128, 128, 3, 3]",torch.float32,teacher_ema_model
teacher.decoder.seg_blocks.0.block.1.block.1.weight,128,0,0,True,0.9289478063583374,1.065781831741333,0.9848201274871826,0.01749430224299431,11.143712043762207,[128],torch.float32,teacher_ema_model
teacher.decoder.seg_blocks.0.block.1.block.1.bias,128,0,0,True,-0.02074669674038887,0.061613570898771286,0.005486255511641502,0.014917001128196716,0.17919911444187164,[128],torch.float32,teacher_ema_model
teacher.decoder.seg_blocks.0.block.2.block.0.weight,147456,0,0,True,-0.3428836464881897,0.19773095846176147,-0.0010730645153671503,0.020893964916467667,8.033827781677246,"[128, 128, 3, 3]",torch.float32,teacher_ema_model
teacher.decoder.seg_blocks.0.block.2.block.1.weight,128,0,0,True,0.9353492259979248,1.0845860242843628,0.991815984249115,0.02172844111919403,11.223787307739258,[128],torch.float32,teacher_ema_model
teacher.decoder.seg_blocks.0.block.2.block.1.bias,128,0,0,True,-0.0336805135011673,0.06549464911222458,0.005978851113468409,0.01968489959836006,0.2319212704896927,[128],torch.float32,teacher_ema_model
teacher.decoder.seg_blocks.1.block.0.block.0.weight,294912,0,0,True,-0.1684141606092453,0.21038900315761566,0.00013423245400190353,0.016975929960608482,9.219172477722168,"[128, 256, 3, 3]",torch.float32,teacher_ema_model
teacher.decoder.seg_blocks.1.block.0.block.1.weight,128,0,0,True,0.9596840739250183,1.1151325702667236,0.9888328313827515,0.01882380060851574,11.189376831054688,[128],torch.float32,teacher_ema_model
teacher.decoder.seg_blocks.1.block.0.block.1.bias,128,0,0,True,-0.06128816306591034,0.06650855392217636,0.004550352692604065,0.021516956388950348,0.24788852035999298,[128],torch.float32,teacher_ema_model
teacher.decoder.seg_blocks.1.block.1.block.0.weight,147456,0,0,True,-0.24245041608810425,0.16752974689006805,-0.0009731192840263247,0.020319903269410133,7.81175422668457,"[128, 128, 3, 3]",torch.float32,teacher_ema_model
teacher.decoder.seg_blocks.1.block.1.block.1.weight,128,0,0,True,0.8726821541786194,1.1424055099487305,0.9980322122573853,0.03211895003914833,11.297245025634766,[128],torch.float32,teacher_ema_model
teacher.decoder.seg_blocks.1.block.1.block.1.bias,128,0,0,True,-0.09287312626838684,0.09541857987642288,0.007711740676313639,0.02483716979622841,0.29318368434906006,[128],torch.float32,teacher_ema_model
teacher.decoder.seg_blocks.2.block.0.block.0.weight,294912,0,0,True,-0.11134976148605347,0.12572194635868073,0.00017415771435480565,0.01579841785132885,8.57994556427002,"[128, 256, 3, 3]",torch.float32,teacher_ema_model
teacher.decoder.seg_blocks.2.block.0.block.1.weight,128,0,0,True,0.925773024559021,1.1134902238845825,1.0091811418533325,0.03312336280941963,11.423681259155273,[128],torch.float32,teacher_ema_model
teacher.decoder.seg_blocks.2.block.0.block.1.bias,128,0,0,True,-0.08620516210794449,0.09403438866138458,0.0173589289188385,0.027280330657958984,0.3648095726966858,[128],torch.float32,teacher_ema_model
teacher.decoder.seg_blocks.3.block.0.block.0.weight,294912,0,0,True,-0.14147955179214478,0.13281306624412537,8.090559276752174e-05,0.015530559234321117,8.434081077575684,"[128, 256, 3, 3]",torch.float32,teacher_ema_model
teacher.decoder.seg_blocks.3.block.0.block.1.weight,128,0,0,True,0.857891321182251,1.1390999555587769,1.0129543542861938,0.0426473431289196,11.470343589782715,[128],torch.float32,teacher_ema_model
teacher.decoder.seg_blocks.3.block.0.block.1.bias,128,0,0,True,-0.13142868876457214,0.11643295735120773,0.017438268288969994,0.03629208728671074,0.454089879989624,[128],torch.float32,teacher_ema_model
teacher.segmentation_head.0.weight,128,0,0,True,-0.11058957874774933,0.08616922795772552,-0.0031856580171734095,0.048498235642910004,0.5477344393730164,"[1, 128, 1, 1]",torch.float32,teacher_ema_model
teacher.segmentation_head.0.bias,1,0,0,True,-0.023239918053150177,-0.023239918053150177,-0.023239918053150177,0.0,0.023239918053150177,[1],torch.float32,teacher_ema_model
teacher.aux_segmentation_head_list.0.0.weight,128,0,0,True,-0.1913757026195526,0.0766875147819519,-0.028101667761802673,0.06282038241624832,0.7760637402534485,"[1, 128, 1, 1]",torch.float32,teacher_ema_model
teacher.aux_segmentation_head_list.0.0.bias,1,0,0,True,0.027609150856733322,0.027609150856733322,0.027609150856733322,0.0,0.027609150856733322,[1],torch.float32,teacher_ema_model
teacher.aux_segmentation_head_list.1.0.weight,128,0,0,True,-0.21418656408786774,0.08087170869112015,-0.024662798270583153,0.0651472881436348,0.7854081988334656,"[1, 128, 1, 1]",torch.float32,teacher_ema_model
teacher.aux_segmentation_head_list.1.0.bias,1,0,0,True,-0.08948855102062225,-0.08948855102062225,-0.08948855102062225,0.0,0.08948855102062225,[1],torch.float32,teacher_ema_model
teacher.aux_segmentation_head_list.2.0.weight,128,0,0,True,-0.1584106981754303,0.19792276620864868,-0.01756138540804386,0.08086944371461868,0.932758629322052,"[1, 128, 1, 1]",torch.float32,teacher_ema_model
teacher.aux_segmentation_head_list.2.0.bias,1,0,0,True,-0.0009269968140870333,-0.0009269968140870333,-0.0009269968140870333,0.0,0.0009269968140870333,[1],torch.float32,teacher_ema_model
teacher.aux_segmentation_head_list.3.0.weight,128,0,0,True,-0.1666230857372284,0.21775168180465698,-0.014154714532196522,0.08209718763828278,0.9389456510543823,"[1, 128, 1, 1]",torch.float32,teacher_ema_model
teacher.aux_segmentation_head_list.3.0.bias,1,0,0,True,0.0212702713906765,0.0212702713906765,0.0212702713906765,0.0,0.0212702713906765,[1],torch.float32,teacher_ema_model
optimizer.param_0.exp_avg,3136,0,0,True,-0.0015914447139948606,0.00038995902286842465,-5.02443581353873e-05,0.0002252024132758379,0.01291943620890379,"[64, 1, 7, 7]",torch.float32,optimizer_exp_avg
optimizer.param_0.exp_avg_sq,3136,0,0,True,3.173263041222896e-11,1.1177380656590685e-06,1.1808373301391839e-07,1.899967116969492e-07,1.2525861166068353e-05,"[64, 1, 7, 7]",torch.float32,optimizer_exp_avg_sq
optimizer.param_1.exp_avg,64,0,0,True,-0.0003857224073726684,0.00021934146934654564,-5.9144394981558435e-06,0.00011778765474446118,0.0009361070697195828,[64],torch.float32,optimizer_exp_avg
optimizer.param_1.exp_avg_sq,64,0,0,True,4.764761918352178e-09,1.5204605574581365e-07,3.432499084965457e-08,2.997390424752666e-08,3.633270182490378e-07,[64],torch.float32,optimizer_exp_avg_sq
optimizer.param_2.exp_avg,64,0,0,True,-0.0006021815934218466,0.00027634669095277786,-9.564158972352743e-06,0.00018004920275416225,0.0014311430277302861,[64],torch.float32,optimizer_exp_avg
optimizer.param_2.exp_avg_sq,64,0,0,True,1.7203657165509867e-08,3.177935070652893e-07,8.318910005300495e-08,6.255145024169906e-08,8.303049980895594e-07,[64],torch.float32,optimizer_exp_avg_sq
optimizer.param_3.exp_avg,36864,0,0,True,-0.00010617573570925742,0.00013010120892431587,-1.3063458936812822e-06,2.1847847165190615e-05,0.004202220588922501,"[64, 64, 3, 3]",torch.float32,optimizer_exp_avg
optimizer.param_3.exp_avg_sq,36864,0,0,True,5.186187590489055e-11,4.927627372808274e-08,2.562541290274112e-09,3.1664275645937323e-09,7.820931955393462e-07,"[64, 64, 3, 3]",torch.float32,optimizer_exp_avg_sq
optimizer.param_4.exp_avg,64,0,0,True,-0.00034583910019136965,0.00014128294424153864,6.244795258680824e-08,7.776189886499196e-05,0.000617216166574508,[64],torch.float32,optimizer_exp_avg
optimizer.param_4.exp_avg_sq,64,0,0,True,4.0097698494889755e-09,8.173650911658115e-08,1.678407457461617e-08,1.585562969808052e-08,1.8403095225494326e-07,[64],torch.float32,optimizer_exp_avg_sq
optimizer.param_5.exp_avg,64,0,0,True,-0.00020236597629263997,0.0003455101395957172,2.978045131385443e-06,0.00010534316243138164,0.0008364747045561671,[64],torch.float32,optimizer_exp_avg
optimizer.param_5.exp_avg_sq,64,0,0,True,6.482871572899285e-09,1.201359225433407e-07,3.069247966891453e-08,2.1633356439565432e-08,2.996229966356623e-07,[64],torch.float32,optimizer_exp_avg_sq
optimizer.param_6.exp_avg,36864,0,0,True,-0.00011407020792830735,0.00018086921772919595,6.704005954816239e-07,1.9748318663914688e-05,0.0037938104942440987,"[64, 64, 3, 3]",torch.float32,optimizer_exp_avg
optimizer.param_6.exp_avg_sq,36864,0,0,True,1.1729123228221283e-10,1.7148925834931106e-08,2.0604411510305454e-09,1.801345406171606e-09,5.254693178358139e-07,"[64, 64, 3, 3]",torch.float32,optimizer_exp_avg_sq
optimizer.param_7.exp_avg,64,0,0,True,-0.0003008829371538013,0.00020777805184479803,-6.867703177704243e-06,8.348251139977947e-05,0.0006648957496508956,[64],torch.float32,optimizer_exp_avg
optimizer.param_7.exp_avg_sq,64,0,0,True,3.754987876192217e-09,6.850555678283854e-08,1.846867192512036e-08,1.2306326624411668e-08,1.7711846567181055e-07,[64],torch.float32,optimizer_exp_avg_sq
optimizer.param_8.exp_avg,64,0,0,True,-0.00022862815239932388,8.100892591755837e-05,-1.9186372810509056e-05,6.834984378656372e-05,0.0005638055154122412,[64],torch.float32,optimizer_exp_avg
optimizer.param_8.exp_avg_sq,64,0,0,True,4.627167538018284e-09,7.253153455621941e-08,1.8802811752038906e-08,1.507758895513689e-08,1.9222109415295563e-07,[64],torch.float32,optimizer_exp_avg_sq
optimizer.param_9.exp_avg,36864,0,0,True,-6.445313920266926e-05,0.00010107986599905416,2.482073284681974e-07,1.1367279512342066e-05,0.002183008473366499,"[64, 64, 3, 3]",torch.float32,optimizer_exp_avg
optimizer.param_9.exp_avg_sq,36864,0,0,True,9.542459877831533e-11,2.108956742574719e-08,1.3838467038951308e-09,1.3403107512743873e-09,3.69888596196688e-07,"[64, 64, 3, 3]",torch.float32,optimizer_exp_avg_sq
optimizer.param_10.exp_avg,64,0,0,True,-6.71427114866674e-05,0.00014269578969106078,-5.051846301284968e-07,4.112506940145977e-05,0.00032644515158608556,[64],torch.float32,optimizer_exp_avg
optimizer.param_10.exp_avg_sq,64,0,0,True,1.502106106165968e-09,8.152045438691857e-08,9.18505538294312e-09,1.0895821134226935e-08,1.1348421224965932e-07,[64],torch.float32,optimizer_exp_avg_sq
optimizer.param_11.exp_avg,64,0,0,True,-0.0001835247821873054,0.00021067998022772372,1.0250959348923061e-05,6.562519411090761e-05,0.0005272999405860901,[64],torch.float32,optimizer_exp_avg
optimizer.param_11.exp_avg_sq,64,0,0,True,3.5562155442647736e-09,5.5661441678012125e-08,1.3951986232996205e-08,9.622371344164549e-09,1.3524525854791136e-07,[64],torch.float32,optimizer_exp_avg_sq
optimizer.param_12.exp_avg,36864,0,0,True,-0.00012071364471921697,0.00012704107211902738,1.1810710702775395e-06,1.3585428860096727e-05,0.002618205500766635,"[64, 64, 3, 3]",torch.float32,optimizer_exp_avg
optimizer.param_12.exp_avg_sq,36864,0,0,True,7.261448387030356e-11,1.1934778498812193e-08,1.1979159886266189e-09,9.857163973947536e-10,2.978546547183214e-07,"[64, 64, 3, 3]",torch.float32,optimizer_exp_avg_sq
optimizer.param_13.exp_avg,64,0,0,True,-0.0001163788401754573,0.0002220435271738097,8.00168163550552e-06,5.381788287195377e-05,0.0004319360014051199,[64],torch.float32,optimizer_exp_avg
optimizer.param_13.exp_avg_sq,64,0,0,True,1.6618634246512443e-09,3.6401452518930455e-08,8.875607804270658e-09,6.134263763613035e-09,8.609488588717795e-08,[64],torch.float32,optimizer_exp_avg_sq
optimizer.param_14.exp_avg,64,0,0,True,-0.00017978301912080497,6.157716416055337e-05,-7.202076176326955e-06,4.2533036321401596e-05,0.0003424768801778555,[64],torch.float32,optimizer_exp_avg
optimizer.param_14.exp_avg_sq,64,0,0,True,1.4162107042636762e-09,2.4575774304480547e-08,6.295379773035847e-09,4.478631243642894e-09,6.164493981941632e-08,[64],torch.float32,optimizer_exp_avg_sq
optimizer.param_15.exp_avg,36864,0,0,True,-5.0564722187118605e-05,5.0646754971239716e-05,-1.1354965323562283e-07,9.292823051509913e-06,0.0017843309324234724,"[64, 64, 3, 3]",torch.float32,optimizer_exp_avg
optimizer.param_15.exp_avg_sq,36864,0,0,True,2.6946774672742535e-11,1.2215907396750936e-08,9.286945656938883e-10,8.179553701026521e-10,2.3760784984006023e-07,"[64, 64, 3, 3]",torch.float32,optimizer_exp_avg_sq
optimizer.param_16.exp_avg,64,0,0,True,-6.907931674504653e-05,7.411560363834724e-05,-8.832557796267793e-08,2.9657592676812783e-05,0.00023540090478491038,[64],torch.float32,optimizer_exp_avg
optimizer.param_16.exp_avg_sq,64,0,0,True,1.1682106393351432e-09,2.00659915350343e-08,4.790835284040895e-09,3.4037312968138167e-09,4.6891514671187906e-08,[64],torch.float32,optimizer_exp_avg_sq
optimizer.param_17.exp_avg,64,0,0,True,-0.00010736531112343073,0.00013029883848503232,4.046264621138107e-06,4.8481470003025606e-05,0.00038616880192421377,[64],torch.float32,optimizer_exp_avg
optimizer.param_17.exp_avg_sq,64,0,0,True,1.6875844055519451e-09,1.7679710140328098e-08,5.833231675467232e-09,3.4805625048761613e-09,5.423009596938755e-08,[64],torch.float32,optimizer_exp_avg_sq
optimizer.param_18.exp_avg,36864,0,0,True,-6.336376100080088e-05,6.898351421114057e-05,1.0016499345510965e-06,9.128416422754526e-06,0.0017631518421694636,"[64, 64, 3, 3]",torch.float32,optimizer_exp_avg
optimizer.param_18.exp_avg_sq,36864,0,0,True,4.7008667791725856e-11,4.800853936615113e-09,6.247080630572555e-10,4.4137676846744966e-10,1.4686031590827042e-07,"[64, 64, 3, 3]",torch.float32,optimizer_exp_avg_sq
optimizer.param_19.exp_avg,64,0,0,True,-6.787144957343116e-05,7.914911111583933e-05,9.604909791960381e-06,2.9375982194324024e-05,0.00024549951194785535,[64],torch.float32,optimizer_exp_avg
optimizer.param_19.exp_avg_sq,64,0,0,True,8.706152465620676e-10,2.1944462247347474e-08,5.3987441184233376e-09,4.49878356789668e-09,5.603955699484686e-08,[64],torch.float32,optimizer_exp_avg_sq
optimizer.param_20.exp_avg,64,0,0,True,-7.465855742339045e-05,4.8436526412842795e-05,-1.874689587566536e-06,2.0808789486181922e-05,0.00016584416152909398,[64],torch.float32,optimizer_exp_avg
optimizer.param_20.exp_avg_sq,64,0,0,True,4.057453262262811e-10,7.61170060314953e-09,2.367340767861492e-09,1.308941066646696e-09,2.1601273658689024e-08,[64],torch.float32,optimizer_exp_avg_sq
optimizer.param_21.exp_avg,73728,0,0,True,-4.421329140313901e-05,3.662755625555292e-05,-1.8556036707195744e-07,4.568610165733844e-06,0.00124152353964746,"[128, 64, 3, 3]",torch.float32,optimizer_exp_avg
optimizer.param_21.exp_avg_sq,73728,0,0,True,2.4100294676587808e-11,9.556457847281763e-09,4.1751593848893265e-10,4.149726118285457e-10,1.598379668621419e-07,"[128, 64, 3, 3]",torch.float32,optimizer_exp_avg_sq
optimizer.param_22.exp_avg,128,0,0,True,-1.7754482541931793e-05,3.048442886210978e-05,-5.2281336593296146e-08,9.340097676613368e-06,0.0001052592124324292,[128],torch.float32,optimizer_exp_avg
optimizer.param_22.exp_avg_sq,128,0,0,True,1.647820768724273e-10,3.744222265567032e-09,1.0062635169560963e-09,6.108459849052394e-10,1.3303997903335585e-08,[128],torch.float32,optimizer_exp_avg_sq
optimizer.param_23.exp_avg,128,0,0,True,-4.843663555220701e-05,2.397600474068895e-05,1.7743085436450201e-06,9.756556210049894e-06,0.00011176826956216246,[128],torch.float32,optimizer_exp_avg
optimizer.param_23.exp_avg_sq,128,0,0,True,2.4904475703912965e-10,3.1108104980859252e-09,1.1860300519472844e-09,5.912294542831376e-10,1.4981541340830518e-08,[128],torch.float32,optimizer_exp_avg_sq
optimizer.param_24.exp_avg,147456,0,0,True,-3.4157445043092594e-05,1.9569297364796512e-05,2.2057922421936382e-07,3.1449151265405817e-06,0.001210609101690352,"[128, 128, 3, 3]",torch.float32,optimizer_exp_avg
optimizer.param_24.exp_avg_sq,147456,0,0,True,6.947360221831733e-12,2.486687744607252e-09,1.5116825846650528e-10,1.344360178734405e-10,7.768271359509527e-08,"[128, 128, 3, 3]",torch.float32,optimizer_exp_avg_sq
optimizer.param_25.exp_avg,128,0,0,True,-7.546789129264653e-05,0.00013794349797535688,-2.454758259773371e-06,2.7126483473693952e-05,0.0003069588856305927,[128],torch.float32,optimizer_exp_avg
optimizer.param_25.exp_avg_sq,128,0,0,True,3.5314551283249784e-10,1.9104330561958704e-08,2.1282702267200193e-09,2.095018380998681e-09,3.372234047560596e-08,[128],torch.float32,optimizer_exp_avg_sq
optimizer.param_26.exp_avg,128,0,0,True,-6.36919867247343e-05,4.347309732111171e-05,-6.317783572740154e-06,1.8122183973900974e-05,0.00021637366444338113,[128],torch.float32,optimizer_exp_avg
optimizer.param_26.exp_avg_sq,128,0,0,True,3.372754853181448e-10,7.294838955118621e-09,1.589163134418925e-09,1.0170195796632697e-09,2.1321724830158928e-08,[128],torch.float32,optimizer_exp_avg_sq
optimizer.param_27.exp_avg,8192,0,0,True,-0.00021620024926960468,0.00014415493933483958,1.2859566140832612e-06,1.8584012650535442e-05,0.0016859525348991156,"[128, 64, 1, 1]",torch.float32,optimizer_exp_avg
optimizer.param_27.exp_avg_sq,8192,0,0,True,7.707322280392503e-11,2.1685245599201153e-08,1.7280543662678838e-09,1.6855028484030754e-09,2.184781351388665e-07,"[128, 64, 1, 1]",torch.float32,optimizer_exp_avg_sq
optimizer.param_28.exp_avg,128,0,0,True,-7.662809366593137e-05,7.034297595964745e-05,-6.661726729362272e-06,1.9704692022060044e-05,0.00023450239677913487,[128],torch.float32,optimizer_exp_avg
optimizer.param_28.exp_avg_sq,128,0,0,True,4.189651403585515e-10,1.2640916757789e-08,2.3837445350949338e-09,1.988842646127864e-09,3.506671220065982e-08,[128],torch.float32,optimizer_exp_avg_sq
optimizer.param_29.exp_avg,128,0,0,True,-6.36919867247343e-05,4.347309732111171e-05,-6.317783572740154e-06,1.8122183973900974e-05,0.00021637366444338113,[128],torch.float32,optimizer_exp_avg
optimizer.param_29.exp_avg_sq,128,0,0,True,3.372754853181448e-10,7.294838955118621e-09,1.589163134418925e-09,1.0170195796632697e-09,2.1321724830158928e-08,[128],torch.float32,optimizer_exp_avg_sq
optimizer.param_30.exp_avg,147456,0,0,True,-2.7654701625579037e-05,2.221169779659249e-05,-3.415021510022598e-08,3.072979097851203e-06,0.0011800910579040647,"[128, 128, 3, 3]",torch.float32,optimizer_exp_avg
optimizer.param_30.exp_avg_sq,147456,0,0,True,4.347642471730362e-12,2.410640576044898e-09,1.4338549791936828e-10,1.3998170678153343e-10,7.694782055978067e-08,"[128, 128, 3, 3]",torch.float32,optimizer_exp_avg_sq
optimizer.param_31.exp_avg,128,0,0,True,-3.509686575853266e-05,8.232439722632989e-05,-1.9572220821828523e-07,1.7961612684302963e-05,0.00020242921891622245,[128],torch.float32,optimizer_exp_avg
optimizer.param_31.exp_avg_sq,128,0,0,True,1.8100301812928876e-10,4.9025250525858155e-09,1.1478895611816142e-09,9.124484501299435e-10,1.6564863258849982e-08,[128],torch.float32,optimizer_exp_avg_sq
optimizer.param_32.exp_avg,128,0,0,True,-3.236748307244852e-05,4.205537334200926e-05,2.1415530682133976e-06,1.580321986693889e-05,0.00017973380454350263,[128],torch.float32,optimizer_exp_avg
optimizer.param_32.exp_avg_sq,128,0,0,True,2.4214658056465055e-10,5.7055693503116345e-09,1.074543343193568e-09,8.632988768297878e-10,1.5570662981190253e-08,[128],torch.float32,optimizer_exp_avg_sq
optimizer.param_33.exp_avg,147456,0,0,True,-1.4664494301541708e-05,1.4378032574313693e-05,1.1219577089605082e-07,2.6970383260049857e-06,0.0010365539928898215,"[128, 128, 3, 3]",torch.float32,optimizer_exp_avg
optimizer.param_33.exp_avg_sq,147456,0,0,True,6.375849934819877e-12,1.1159786428294183e-09,9.877092893573192e-11,7.505800148077668e-11,4.7636682154461596e-08,"[128, 128, 3, 3]",torch.float32,optimizer_exp_avg_sq
optimizer.param_34.exp_avg,128,0,0,True,-3.6939622077625245e-05,3.487889262032695e-05,3.7698698633903405e-06,1.0747780834208243e-05,0.00012841146963182837,[128],torch.float32,optimizer_exp_avg
optimizer.param_34.exp_avg_sq,128,0,0,True,1.8596743589505138e-10,5.471333608397799e-09,1.0514624726454258e-09,7.768767851246139e-10,1.4770330736268988e-08,[128],torch.float32,optimizer_exp_avg_sq
optimizer.param_35.exp_avg,128,0,0,True,-3.5636447137221694e-05,2.7828875317936763e-05,-3.119202574453084e-06,1.0138062862097286e-05,0.00011957620154134929,[128],torch.float32,optimizer_exp_avg
optimizer.param_35.exp_avg_sq,128,0,0,True,1.7897469617444983e-10,2.0601891304039555e-09,7.576833604971966e-10,4.252879715060942e-10,9.821061297543565e-09,[128],torch.float32,optimizer_exp_avg_sq
optimizer.param_36.exp_avg,147456,0,0,True,-1.4512650523101911e-05,1.627662277314812e-05,-2.2968839630266302e-07,1.8968712538480759e-06,0.00073371542384848,"[128, 128, 3, 3]",torch.float32,optimizer_exp_avg
optimizer.param_36.exp_avg_sq,147456,0,0,True,3.0982130923284945e-12,1.4090978384118102e-09,7.971037718768059e-11,7.56444420990654e-11,4.219770488589347e-08,"[128, 128, 3, 3]",torch.float32,optimizer_exp_avg_sq
optimizer.param_37.exp_avg,128,0,0,True,-2.0415352992131375e-05,3.257944990764372e-05,-6.956541653835302e-08,9.293814400734846e-06,0.00010473892325535417,[128],torch.float32,optimizer_exp_avg
optimizer.param_37.exp_avg_sq,128,0,0,True,1.1331964533400907e-10,2.4603443726789465e-09,5.418598902906524e-10,4.206336112755338e-10,7.749374475451987e-09,[128],torch.float32,optimizer_exp_avg_sq
optimizer.param_38.exp_avg,128,0,0,True,-2.6072972104884684e-05,3.383078001206741e-05,2.45347791860695e-06,1.068780602508923e-05,0.00012360262917354703,[128],torch.float32,optimizer_exp_avg
optimizer.param_38.exp_avg_sq,128,0,0,True,1.1836978619506056e-10,1.481100464495455e-09,4.887923399365945e-10,2.80500650484683e-10,6.369767380220992e-09,[128],torch.float32,optimizer_exp_avg_sq
optimizer.param_39.exp_avg,147456,0,0,True,-1.55296984303277e-05,1.330011036770884e-05,1.2168979424131976e-07,1.655899609431799e-06,0.0006375774391926825,"[128, 128, 3, 3]",torch.float32,optimizer_exp_avg
optimizer.param_39.exp_avg_sq,147456,0,0,True,3.978093895962154e-12,8.448080568435046e-10,6.046173284257605e-11,4.884989288078678e-11,2.9848248317421167e-08,"[128, 128, 3, 3]",torch.float32,optimizer_exp_avg_sq
optimizer.param_40.exp_avg,128,0,0,True,-1.9228795281378552e-05,3.088864468736574e-05,3.6235096558812074e-06,7.391399776679464e-06,9.283846884500235e-05,[128],torch.float32,optimizer_exp_avg
optimizer.param_40.exp_avg_sq,128,0,0,True,1.1710847569457172e-10,5.656085377836462e-09,6.263767837744183e-10,5.695235949509936e-10,9.561061276031069e-09,[128],torch.float32,optimizer_exp_avg_sq
optimizer.param_41.exp_avg,128,0,0,True,-2.2645042918156832e-05,1.3171644241083413e-05,-1.6066792341007385e-06,7.273288701981073e-06,8.395721670240164e-05,[128],torch.float32,optimizer_exp_avg
optimizer.param_41.exp_avg_sq,128,0,0,True,8.517062749513471e-11,1.942232152885026e-09,5.080158516079791e-10,2.921640152031557e-10,6.623816162232288e-09,[128],torch.float32,optimizer_exp_avg_sq
optimizer.param_42.exp_avg,147456,0,0,True,-1.948634599102661e-05,2.197005960624665e-05,-2.757923880380986e-07,1.690833414613735e-06,0.0006578576285392046,"[128, 128, 3, 3]",torch.float32,optimizer_exp_avg
optimizer.param_42.exp_avg_sq,147456,0,0,True,1.6112290538231044e-12,1.1991264647903677e-09,6.028683108283417e-11,6.308446820479929e-11,3.350743327246164e-08,"[128, 128, 3, 3]",torch.float32,optimizer_exp_avg_sq
optimizer.param_43.exp_avg,128,0,0,True,-2.611935997265391e-05,2.0251016394468024e-05,3.075017218634457e-08,7.351737167482497e-06,8.285060175694525e-05,[128],torch.float32,optimizer_exp_avg
optimizer.param_43.exp_avg_sq,128,0,0,True,9.784555110581294e-11,5.255043067364795e-09,5.484261933474954e-10,6.974915645052704e-10,1.0014165496841088e-08,[128],torch.float32,optimizer_exp_avg_sq
optimizer.param_44.exp_avg,128,0,0,True,-4.178077506367117e-05,2.0455972844501957e-05,-6.072435780879459e-07,8.795896974334028e-06,9.936252172337845e-05,[128],torch.float32,optimizer_exp_avg
optimizer.param_44.exp_avg_sq,128,0,0,True,8.400573986433457e-11,4.864330271914241e-09,4.660906105513618e-10,5.636856537094559e-10,8.255904404563807e-09,[128],torch.float32,optimizer_exp_avg_sq
optimizer.param_45.exp_avg,147456,0,0,True,-9.378241884405725e-06,9.115964530792553e-06,1.994240790281765e-07,1.2485711522458587e-06,0.0004855264851357788,"[128, 128, 3, 3]",torch.float32,optimizer_exp_avg
optimizer.param_45.exp_avg_sq,147456,0,0,True,3.2684738162508387e-12,5.983497586292685e-10,4.580098800222032e-11,3.700617590141064e-11,2.2610963767988324e-08,"[128, 128, 3, 3]",torch.float32,optimizer_exp_avg_sq
optimizer.param_46.exp_avg,128,0,0,True,-1.718685234664008e-05,1.3971010048408061e-05,9.167714551949757e-07,5.72877115700976e-06,6.538784509757534e-05,[128],torch.float32,optimizer_exp_avg
optimizer.param_46.exp_avg_sq,128,0,0,True,1.270297617095295e-10,3.709977658417074e-09,5.632593835791511e-10,5.240755607260894e-10,8.688534336442899e-09,[128],torch.float32,optimizer_exp_avg_sq
optimizer.param_47.exp_avg,128,0,0,True,-2.0364248484838754e-05,1.1704542885127012e-05,-2.030103132710792e-06,5.1258721214253455e-06,6.216429028427228e-05,[128],torch.float32,optimizer_exp_avg
optimizer.param_47.exp_avg_sq,128,0,0,True,5.3128158122861535e-11,1.868710963748299e-09,4.2079481565870935e-10,2.770786933226077e-10,5.6934053027646314e-09,[128],torch.float32,optimizer_exp_avg_sq
optimizer.param_48.exp_avg,294912,0,0,True,-9.387323189002927e-06,1.0218130228167865e-05,-3.097796863471558e-08,9.348323146696202e-07,0.0005079446127638221,"[256, 128, 3, 3]",torch.float32,optimizer_exp_avg
optimizer.param_48.exp_avg_sq,294912,0,0,True,8.666130963883023e-13,1.1116524367693614e-09,3.8723059481160504e-11,4.390250316066435e-11,3.1790470700343576e-08,"[256, 128, 3, 3]",torch.float32,optimizer_exp_avg_sq
optimizer.param_49.exp_avg,256,0,0,True,-1.1432841347414069e-05,1.640344999032095e-05,-6.6009135935019e-09,4.173673460172722e-06,6.664830289082602e-05,[256],torch.float32,optimizer_exp_avg
optimizer.param_49.exp_avg_sq,256,0,0,True,3.202253393008725e-11,6.080919101592031e-10,1.2873699328785904e-10,9.884734697429565e-11,2.595052173148815e-09,[256],torch.float32,optimizer_exp_avg_sq
optimizer.param_50.exp_avg,256,0,0,True,-1.3687450518773403e-05,1.5573607015539892e-05,3.5036231338381185e-07,3.6202379760652548e-06,5.8081725001102313e-05,[256],torch.float32,optimizer_exp_avg
optimizer.param_50.exp_avg_sq,256,0,0,True,3.3054243370189695e-11,3.758265088027457e-10,1.0262758698420527e-10,5.69038670350519e-11,1.8766999065888967e-09,[256],torch.float32,optimizer_exp_avg_sq
optimizer.param_51.exp_avg,589824,0,0,True,-4.797489509655861e-06,5.724171387555543e-06,5.40244571300974e-10,6.120662874309346e-07,0.0004700635327026248,"[256, 256, 3, 3]",torch.float32,optimizer_exp_avg
optimizer.param_51.exp_avg_sq,589824,0,0,True,4.457006053289192e-13,4.474568493506581e-10,1.659205585424761e-11,1.7467013946337318e-11,1.8502159804256735e-08,"[256, 256, 3, 3]",torch.float32,optimizer_exp_avg_sq
optimizer.param_52.exp_avg,256,0,0,True,-1.6810708984849043e-05,1.111026358557865e-05,8.249054417319712e-08,4.860285116592422e-06,7.762375753372908e-05,[256],torch.float32,optimizer_exp_avg
optimizer.param_52.exp_avg_sq,256,0,0,True,4.849588092215029e-11,1.9443073817626555e-09,3.695735384390275e-10,2.712854940689624e-10,7.330251516890485e-09,[256],torch.float32,optimizer_exp_avg_sq
optimizer.param_53.exp_avg,256,0,0,True,-1.5958694348228164e-05,1.2038796739943791e-05,-2.1266829719479574e-07,4.6967543312348425e-06,7.507830014219508e-05,[256],torch.float32,optimizer_exp_avg
optimizer.param_53.exp_avg_sq,256,0,0,True,5.705705699576846e-11,9.450593640991656e-10,2.2628152129833268e-10,1.2355026723920304e-10,4.123171581937868e-09,[256],torch.float32,optimizer_exp_avg_sq
optimizer.param_54.exp_avg,32768,0,0,True,-2.3622844310011715e-05,3.4560245694592595e-05,2.1256796856050642e-07,3.397955879336223e-06,0.0006162885692901909,"[256, 128, 1, 1]",torch.float32,optimizer_exp_avg
optimizer.param_54.exp_avg_sq,32768,0,0,True,5.15884513926923e-12,1.868021293205402e-09,1.4551318483491116e-10,1.2599163379256595e-10,3.484209898374502e-08,"[256, 128, 1, 1]",torch.float32,optimizer_exp_avg_sq
optimizer.param_55.exp_avg,256,0,0,True,-1.7992351786233485e-05,1.522050479252357e-05,9.203848776451196e-07,4.8564584176347125e-06,7.893721340224147e-05,[256],torch.float32,optimizer_exp_avg
optimizer.param_55.exp_avg_sq,256,0,0,True,4.6412616805380225e-11,2.1576833653114136e-09,3.3201949523053997e-10,2.64537031169354e-10,6.787158390864079e-09,[256],torch.float32,optimizer_exp_avg_sq
optimizer.param_56.exp_avg,256,0,0,True,-1.5958694348228164e-05,1.2038796739943791e-05,-2.1266829719479574e-07,4.6967543312348425e-06,7.507830014219508e-05,[256],torch.float32,optimizer_exp_avg
optimizer.param_56.exp_avg_sq,256,0,0,True,5.705705699576846e-11,9.450593640991656e-10,2.2628152129833268e-10,1.2355026723920304e-10,4.123171581937868e-09,[256],torch.float32,optimizer_exp_avg_sq
optimizer.param_57.exp_avg,589824,0,0,True,-4.030400305055082e-06,4.580476797855226e-06,-2.9810781398964536e-08,4.847653940487362e-07,0.0003730005118995905,"[256, 256, 3, 3]",torch.float32,optimizer_exp_avg
optimizer.param_57.exp_avg_sq,589824,0,0,True,2.2162541170756694e-13,4.909334050395842e-10,1.2928460385586149e-11,1.479452844954654e-11,1.5089261395928588e-08,"[256, 256, 3, 3]",torch.float32,optimizer_exp_avg_sq
optimizer.param_58.exp_avg,256,0,0,True,-8.709614121471532e-06,8.30216049507726e-06,4.008740006611333e-10,2.619178303575609e-06,4.182492193649523e-05,[256],torch.float32,optimizer_exp_avg
optimizer.param_58.exp_avg_sq,256,0,0,True,1.695829761338974e-11,8.105396909208196e-10,1.1209741468398704e-10,8.71974575877843e-11,2.2706205804468027e-09,[256],torch.float32,optimizer_exp_avg_sq
optimizer.param_59.exp_avg,256,0,0,True,-1.3894678886572365e-05,1.0844392818398774e-05,6.947590236450196e-07,3.725819624378346e-06,6.05261157033965e-05,[256],torch.float32,optimizer_exp_avg
optimizer.param_59.exp_avg_sq,256,0,0,True,2.4428976203028085e-11,3.530679915098034e-10,1.0363612745756257e-10,5.144384224164966e-11,1.8505145193969952e-09,[256],torch.float32,optimizer_exp_avg_sq
optimizer.param_60.exp_avg,589824,0,0,True,-3.260637640778441e-06,3.4275335565325804e-06,-8.311634935864731e-09,4.64908140429543e-07,0.0003571041452232748,"[256, 256, 3, 3]",torch.float32,optimizer_exp_avg
optimizer.param_60.exp_avg_sq,589824,0,0,True,3.7859846551205334e-13,2.6832175370472555e-10,1.1664553871415517e-11,1.127815462548254e-11,1.246098779716931e-08,"[256, 256, 3, 3]",torch.float32,optimizer_exp_avg_sq
optimizer.param_61.exp_avg,256,0,0,True,-1.1127947800559923e-05,1.5783036360517144e-05,1.8971554993640893e-07,4.2073656913999e-06,6.725478306179866e-05,[256],torch.float32,optimizer_exp_avg
optimizer.param_61.exp_avg_sq,256,0,0,True,3.924801109111975e-11,1.4280138183053737e-09,2.7439095440229266e-10,2.1920884551995812e-10,5.614956499755408e-09,[256],torch.float32,optimizer_exp_avg_sq
optimizer.param_62.exp_avg,256,0,0,True,-1.2405711458995938e-05,1.381093079544371e-05,3.040507010609872e-07,4.593146059050923e-06,7.350781379500404e-05,[256],torch.float32,optimizer_exp_avg
optimizer.param_62.exp_avg_sq,256,0,0,True,4.0609099416499816e-11,9.732885608570996e-10,1.83980233825487e-10,1.1460352805636731e-10,3.4661844505734507e-09,[256],torch.float32,optimizer_exp_avg_sq
optimizer.param_63.exp_avg,589824,0,0,True,-3.2627153814246412e-06,2.3443099053110927e-06,2.760779338473185e-08,3.511317174798023e-07,0.0002704993530642241,"[256, 256, 3, 3]",torch.float32,optimizer_exp_avg
optimizer.param_63.exp_avg_sq,589824,0,0,True,2.0134400060840135e-13,4.5251793978628996e-10,9.203845151295464e-12,1.098800390952892e-11,1.1008056688410761e-08,"[256, 256, 3, 3]",torch.float32,optimizer_exp_avg_sq
optimizer.param_64.exp_avg,256,0,0,True,-8.904505193640944e-06,5.605947535514133e-06,2.025249656867345e-08,1.940816673595691e-06,3.099405512330122e-05,[256],torch.float32,optimizer_exp_avg
optimizer.param_64.exp_avg_sq,256,0,0,True,1.7257991910546444e-11,3.3587624348463407e-10,7.518639877357458e-11,5.162930152846634e-11,1.4583863006123465e-09,[256],torch.float32,optimizer_exp_avg_sq
optimizer.param_65.exp_avg,256,0,0,True,-1.0046575880551245e-05,7.499139883293537e-06,-9.470244322073995e-08,2.7132919058203697e-06,4.33542845712509e-05,[256],torch.float32,optimizer_exp_avg
optimizer.param_65.exp_avg_sq,256,0,0,True,1.9260676387133913e-11,2.1669170624516454e-10,5.938619734857653e-11,3.232894854598989e-11,1.0813678841259389e-09,[256],torch.float32,optimizer_exp_avg_sq
optimizer.param_66.exp_avg,589824,0,0,True,-2.8724793992296327e-06,3.1256652164302068e-06,-3.562543327007006e-08,4.0113894783644355e-07,0.0003092848928645253,"[256, 256, 3, 3]",torch.float32,optimizer_exp_avg
optimizer.param_66.exp_avg_sq,589824,0,0,True,3.616141403244705e-13,1.6699229499206325e-10,8.406717162678934e-12,8.089954053880355e-12,8.960300057481163e-09,"[256, 256, 3, 3]",torch.float32,optimizer_exp_avg_sq
optimizer.param_67.exp_avg,256,0,0,True,-1.0189162821916398e-05,9.426452379557304e-06,-2.430758740956662e-07,3.5045804906985722e-06,5.609864092548378e-05,[256],torch.float32,optimizer_exp_avg
optimizer.param_67.exp_avg_sq,256,0,0,True,3.532784828563784e-11,1.6237081679193466e-09,2.1504958924722928e-10,1.7697067422606239e-10,4.452561874757066e-09,[256],torch.float32,optimizer_exp_avg_sq
optimizer.param_68.exp_avg,256,0,0,True,-1.1441386959631927e-05,1.1164781426487025e-05,3.925929377146531e-07,3.84262966690585e-06,6.168255640659481e-05,[256],torch.float32,optimizer_exp_avg
optimizer.param_68.exp_avg_sq,256,0,0,True,3.1005423922758624e-11,9.336573736362652e-10,1.7115149575364086e-10,1.1000329119825736e-10,3.253405767011941e-09,[256],torch.float32,optimizer_exp_avg_sq
optimizer.param_69.exp_avg,589824,0,0,True,-2.221587465101038e-06,2.762822759905248e-06,9.295674452403091e-09,3.1710041525911947e-07,0.00024363631382584572,"[256, 256, 3, 3]",torch.float32,optimizer_exp_avg
optimizer.param_69.exp_avg_sq,589824,0,0,True,2.0540351104020305e-13,1.7732831869565757e-10,6.5175581945298156e-12,6.815976168889071e-12,7.242686006492249e-09,"[256, 256, 3, 3]",torch.float32,optimizer_exp_avg_sq
optimizer.param_70.exp_avg,256,0,0,True,-4.759146577271167e-06,6.091139312047744e-06,-1.4045946628016281e-08,1.70657199305424e-06,2.7252695872448385e-05,[256],torch.float32,optimizer_exp_avg
optimizer.param_70.exp_avg_sq,256,0,0,True,1.1906551265761234e-11,2.4797419673205923e-10,5.4931829918114516e-11,3.49879500372019e-11,1.0414611395503925e-09,[256],torch.float32,optimizer_exp_avg_sq
optimizer.param_71.exp_avg,256,0,0,True,-7.06545415596338e-06,7.277240001712926e-06,-9.047579396792571e-08,2.00953877538268e-06,3.212239607819356e-05,[256],torch.float32,optimizer_exp_avg
optimizer.param_71.exp_avg_sq,256,0,0,True,1.0669132244345292e-11,1.4537840375972166e-10,4.694920494041632e-11,2.2583764719419364e-11,8.332700640600876e-10,[256],torch.float32,optimizer_exp_avg_sq
optimizer.param_72.exp_avg,589824,0,0,True,-2.95575682685012e-06,3.621984888013685e-06,-2.446946467671296e-08,3.7834578847650846e-07,0.00029117471422068775,"[256, 256, 3, 3]",torch.float32,optimizer_exp_avg
optimizer.param_72.exp_avg_sq,589824,0,0,True,3.0158259787041453e-13,1.5809253905985088e-10,6.455725710952098e-12,5.999129578521112e-12,6.768246407773404e-09,"[256, 256, 3, 3]",torch.float32,optimizer_exp_avg_sq
optimizer.param_73.exp_avg,256,0,0,True,-1.4256468602980021e-05,1.0687836038414389e-05,2.714616584853502e-07,3.92168658436276e-06,6.277475040405989e-05,[256],torch.float32,optimizer_exp_avg
optimizer.param_73.exp_avg_sq,256,0,0,True,2.9078512167601822e-11,1.6873569208541994e-09,1.836657076426107e-10,1.7613333014310228e-10,4.0677416990320125e-09,[256],torch.float32,optimizer_exp_avg_sq
optimizer.param_74.exp_avg,256,0,0,True,-1.1180615729244892e-05,1.0256336281599943e-05,5.294365337249474e-07,3.67673624168674e-06,5.932071144343354e-05,[256],torch.float32,optimizer_exp_avg
optimizer.param_74.exp_avg_sq,256,0,0,True,3.5772988737914346e-11,9.359992780844095e-10,1.7957496600828904e-10,1.1935261112760998e-10,3.4478635502210864e-09,[256],torch.float32,optimizer_exp_avg_sq
optimizer.param_75.exp_avg,589824,0,0,True,-2.702208348637214e-06,3.1556837711832486e-06,2.390283704301055e-08,3.126591252566868e-07,0.00024082134768832475,"[256, 256, 3, 3]",torch.float32,optimizer_exp_avg
optimizer.param_75.exp_avg_sq,589824,0,0,True,1.5495176214179451e-13,1.6983352224553272e-10,5.604826065069846e-12,6.2230181945011065e-12,6.43197051175548e-09,"[256, 256, 3, 3]",torch.float32,optimizer_exp_avg_sq
optimizer.param_76.exp_avg,256,0,0,True,-6.293997103057336e-06,5.5220261856447905e-06,2.1520712323308544e-08,1.983491301871254e-06,3.167568866047077e-05,[256],torch.float32,optimizer_exp_avg
optimizer.param_76.exp_avg_sq,256,0,0,True,1.5692386626242616e-11,2.382126440547694e-10,5.535909924914151e-11,3.447851032456484e-11,1.0429194174932377e-09,[256],torch.float32,optimizer_exp_avg_sq
optimizer.param_77.exp_avg,256,0,0,True,-5.5948758017621e-06,8.144163075485267e-06,1.001996352556489e-07,1.9917254121537553e-06,3.184568413416855e-05,[256],torch.float32,optimizer_exp_avg
optimizer.param_77.exp_avg_sq,256,0,0,True,1.4140444024035581e-11,1.4439648088337975e-10,4.4472786564497824e-11,2.028141196652733e-11,7.818022340622122e-10,[256],torch.float32,optimizer_exp_avg_sq
optimizer.param_78.exp_avg,589824,0,0,True,-2.336393663426861e-06,2.5435863335587783e-06,-2.519416852919676e-08,3.617902848418453e-07,0.00027852546190842986,"[256, 256, 3, 3]",torch.float32,optimizer_exp_avg
optimizer.param_78.exp_avg_sq,589824,0,0,True,2.0946556934711008e-13,1.374825947531022e-10,5.743962597226648e-12,5.645157084843699e-12,6.185183476503653e-09,"[256, 256, 3, 3]",torch.float32,optimizer_exp_avg_sq
optimizer.param_79.exp_avg,256,0,0,True,-1.8857885152101517e-05,1.3627452972286846e-05,-3.920290509995539e-07,4.446761522558518e-06,7.128558354452252e-05,[256],torch.float32,optimizer_exp_avg
optimizer.param_79.exp_avg_sq,256,0,0,True,2.947394411867421e-11,2.436508994563269e-09,1.886719946941895e-10,2.2235453756014323e-10,4.660521302213283e-09,[256],torch.float32,optimizer_exp_avg_sq
optimizer.param_80.exp_avg,256,0,0,True,-9.507648428552784e-06,9.813779797696043e-06,5.299846179696033e-07,3.3473102121206466e-06,5.412070095189847e-05,[256],torch.float32,optimizer_exp_avg
optimizer.param_80.exp_avg_sq,256,0,0,True,2.958149350473782e-11,1.0243336179271978e-09,1.9997262179494157e-10,1.4056160402287077e-10,3.90837229247154e-09,[256],torch.float32,optimizer_exp_avg_sq
optimizer.param_81.exp_avg,589824,0,0,True,-2.8718391149595845e-06,4.047267339046812e-06,4.6577561363392306e-08,3.726828197159193e-07,0.00028844448388554156,"[256, 256, 3, 3]",torch.float32,optimizer_exp_avg
optimizer.param_81.exp_avg_sq,589824,0,0,True,2.0743769115622035e-13,1.927082937669411e-10,5.521241016465117e-12,5.594450683960028e-12,6.0365925591554515e-09,"[256, 256, 3, 3]",torch.float32,optimizer_exp_avg_sq
optimizer.param_82.exp_avg,256,0,0,True,-6.5124136199301574e-06,8.370646355615463e-06,3.280142379935569e-09,2.3430566216120496e-06,3.7415651604533195e-05,[256],torch.float32,optimizer_exp_avg
optimizer.param_82.exp_avg_sq,256,0,0,True,9.246455164035883e-12,3.068209297740765e-10,7.089330511522718e-11,4.836357009319059e-11,1.3722515346259456e-09,[256],torch.float32,optimizer_exp_avg_sq
optimizer.param_83.exp_avg,256,0,0,True,-5.638708898914047e-06,5.283532118482981e-06,-7.018883252385422e-07,2.0791426322830375e-06,3.504911364871077e-05,[256],torch.float32,optimizer_exp_avg
optimizer.param_83.exp_avg_sq,256,0,0,True,1.2527450431176756e-11,1.5782702922351177e-10,5.228439209359337e-11,2.2780688793688775e-11,9.122231303670958e-10,[256],torch.float32,optimizer_exp_avg_sq
optimizer.param_84.exp_avg,589824,0,0,True,-2.471957941452274e-06,2.718656332945102e-06,1.4817435278757785e-08,4.189002993371105e-07,0.00032191415084525943,"[256, 256, 3, 3]",torch.float32,optimizer_exp_avg
optimizer.param_84.exp_avg_sq,589824,0,0,True,2.2872358846313945e-13,2.389815012548979e-10,5.749460803283757e-12,5.832319002752051e-12,6.289738063713912e-09,"[256, 256, 3, 3]",torch.float32,optimizer_exp_avg_sq
optimizer.param_85.exp_avg,256,0,0,True,-2.5848801669781096e-05,1.8558450392447412e-05,-1.3539701058107312e-06,6.916483926033834e-06,0.00011255191930104047,[256],torch.float32,optimizer_exp_avg
optimizer.param_85.exp_avg_sq,256,0,0,True,2.0977952014389345e-11,2.933183917974702e-09,2.2274278255185465e-10,2.228831702533185e-10,5.036753236709046e-09,[256],torch.float32,optimizer_exp_avg_sq
optimizer.param_86.exp_avg,256,0,0,True,-8.542119758203626e-06,8.1297139331582e-06,4.102018067442259e-07,2.732660050241975e-06,4.412788985064253e-05,[256],torch.float32,optimizer_exp_avg
optimizer.param_86.exp_avg_sq,256,0,0,True,2.2210934480515476e-11,1.2383588599007567e-09,2.3483054389927815e-10,1.741113087039281e-10,4.674128639692299e-09,[256],torch.float32,optimizer_exp_avg_sq
optimizer.param_87.exp_avg,1179648,0,0,True,-3.282776788182673e-06,4.6706718421773985e-06,2.660295628231779e-08,4.090319976057799e-07,0.00044518738286569715,"[512, 256, 3, 3]",torch.float32,optimizer_exp_avg
optimizer.param_87.exp_avg_sq,1179648,0,0,True,1.9755871201107555e-13,2.161167911296502e-10,5.836116312440964e-12,6.328564408630832e-12,9.350120677709128e-09,"[512, 256, 3, 3]",torch.float32,optimizer_exp_avg_sq
optimizer.param_88.exp_avg,512,0,0,True,-9.869925634120591e-06,8.575829269830137e-06,4.480192217215517e-08,3.6903441014146665e-06,8.342752698808908e-05,[512],torch.float32,optimizer_exp_avg
optimizer.param_88.exp_avg_sq,512,0,0,True,8.944010462808016e-12,5.176465922573925e-10,8.262808492975893e-11,5.6440092183196455e-11,2.2634953911193634e-09,[512],torch.float32,optimizer_exp_avg_sq
optimizer.param_89.exp_avg,512,0,0,True,-1.3244526599009987e-05,7.906090104370378e-06,-9.601101282896707e-07,2.919218559327419e-06,6.947392830625176e-05,[512],torch.float32,optimizer_exp_avg
optimizer.param_89.exp_avg_sq,512,0,0,True,1.2543141005016967e-11,1.7541085250982746e-10,6.130995017228358e-11,2.6364167793335724e-11,1.5098815531189302e-09,[512],torch.float32,optimizer_exp_avg_sq
optimizer.param_90.exp_avg,2359296,0,0,True,-2.7178698474017438e-06,2.7871224119735416e-06,-7.921706846047982e-09,3.1655130783292407e-07,0.0004863521608058363,"[512, 512, 3, 3]",torch.float32,optimizer_exp_avg
optimizer.param_90.exp_avg_sq,2359296,0,0,True,2.6518419621660017e-14,1.4110783375098634e-10,2.740171154216875e-12,2.9064634813474877e-12,6.135540964180564e-09,"[512, 512, 3, 3]",torch.float32,optimizer_exp_avg_sq
optimizer.param_91.exp_avg,512,0,0,True,-1.796150900190696e-05,1.8963241018354893e-05,-6.089278770105011e-08,5.462152785185026e-06,0.00012348135351203382,[512],torch.float32,optimizer_exp_avg
optimizer.param_91.exp_avg_sq,512,0,0,True,2.8125011000690314e-11,3.4569684892460373e-09,3.343777754682975e-10,3.384261759720175e-10,1.0759737101295741e-08,[512],torch.float32,optimizer_exp_avg_sq
optimizer.param_92.exp_avg,512,0,0,True,-1.868286926764995e-05,1.7404034224455245e-05,-7.51867332837719e-07,5.034890818933491e-06,0.00011507975432323292,[512],torch.float32,optimizer_exp_avg
optimizer.param_92.exp_avg_sq,512,0,0,True,2.71900106596501e-11,1.409628525017581e-09,2.1604151800858062e-10,1.4402019854475867e-10,5.87334048063326e-09,[512],torch.float32,optimizer_exp_avg_sq
optimizer.param_93.exp_avg,131072,0,0,True,-1.3410872270469554e-05,1.3073044101474807e-05,1.2604792232195905e-07,1.5754171727166977e-06,0.000572182412724942,"[512, 256, 1, 1]",torch.float32,optimizer_exp_avg
optimizer.param_93.exp_avg_sq,131072,0,0,True,1.8647765623325263e-12,2.047606084687459e-09,4.332628353309609e-11,4.3674425187489874e-11,2.2272311994697702e-08,"[512, 256, 1, 1]",torch.float32,optimizer_exp_avg_sq
optimizer.param_94.exp_avg,512,0,0,True,-1.680672176007647e-05,1.2840293493354693e-05,-6.813812092332228e-08,4.0677750803297386e-06,9.196624159812927e-05,[512],torch.float32,optimizer_exp_avg
optimizer.param_94.exp_avg_sq,512,0,0,True,2.4518867838829728e-11,3.686339677955175e-09,2.584214786605088e-10,2.385734942933482e-10,7.954681358057769e-09,[512],torch.float32,optimizer_exp_avg_sq
optimizer.param_95.exp_avg,512,0,0,True,-1.868286926764995e-05,1.7404034224455245e-05,-7.51867332837719e-07,5.034890818933491e-06,0.00011507975432323292,[512],torch.float32,optimizer_exp_avg
optimizer.param_95.exp_avg_sq,512,0,0,True,2.71900106596501e-11,1.409628525017581e-09,2.1604151800858062e-10,1.4402019854475867e-10,5.87334048063326e-09,[512],torch.float32,optimizer_exp_avg_sq
optimizer.param_96.exp_avg,2359296,0,0,True,-2.895431180149899e-06,3.2270120300381677e-06,4.8934798435595894e-09,2.9968271064717555e-07,0.00046035018749535084,"[512, 512, 3, 3]",torch.float32,optimizer_exp_avg
optimizer.param_96.exp_avg_sq,2359296,0,0,True,3.296914810927386e-14,7.400094426124326e-11,2.4254524170347347e-12,2.3545241277511675e-12,5.19217779881842e-09,"[512, 512, 3, 3]",torch.float32,optimizer_exp_avg_sq
optimizer.param_97.exp_avg,512,0,0,True,-1.9572376913856715e-05,1.578724004502874e-05,3.5404266185423694e-08,3.983085207437398e-06,9.004243474919349e-05,[512],torch.float32,optimizer_exp_avg
optimizer.param_97.exp_avg_sq,512,0,0,True,1.7456642034674452e-11,1.0489528134982606e-09,1.5539457220992148e-10,1.3356220296412147e-10,4.6345620674514976e-09,[512],torch.float32,optimizer_exp_avg_sq
optimizer.param_98.exp_avg,512,0,0,True,-1.3630390640173573e-05,1.2414763659762684e-05,-2.3649361935440538e-07,3.0746707579965005e-06,6.970957474550232e-05,[512],torch.float32,optimizer_exp_avg
optimizer.param_98.exp_avg_sq,512,0,0,True,1.917148384489309e-11,4.940259867858288e-10,9.890381569288564e-11,6.219228604331661e-11,2.6428874644324196e-09,[512],torch.float32,optimizer_exp_avg_sq
optimizer.param_99.exp_avg,2359296,0,0,True,-2.1906698748352937e-06,2.766177203739062e-06,-1.503597069074658e-08,2.713979085910978e-07,0.00041748315561562777,"[512, 512, 3, 3]",torch.float32,optimizer_exp_avg
optimizer.param_99.exp_avg_sq,2359296,0,0,True,2.4250866682081103e-14,6.376444511291268e-11,2.527638688631928e-12,2.4345434522510256e-12,5.390427215701266e-09,"[512, 512, 3, 3]",torch.float32,optimizer_exp_avg_sq
optimizer.param_100.exp_avg,512,0,0,True,-1.600705763848964e-05,1.6725580280763097e-05,-4.929989358970488e-07,4.516597527981503e-06,0.00010270668281009421,[512],torch.float32,optimizer_exp_avg
optimizer.param_100.exp_avg_sq,512,0,0,True,1.3314678352915887e-11,6.040278499597207e-09,4.02357730466818e-10,5.243622203110476e-10,1.4946269999427386e-08,[512],torch.float32,optimizer_exp_avg_sq
optimizer.param_101.exp_avg,512,0,0,True,-1.41813561640447e-05,1.611439438420348e-05,-3.328211732878117e-07,4.2092633520951495e-06,9.544924250803888e-05,[512],torch.float32,optimizer_exp_avg
optimizer.param_101.exp_avg_sq,512,0,0,True,2.3251163147608445e-11,2.1939488004107943e-09,2.5043367379851134e-10,1.9668978945563964e-10,7.202784590987221e-09,[512],torch.float32,optimizer_exp_avg_sq
optimizer.param_102.exp_avg,2359296,0,0,True,-2.1030346033512615e-06,2.206704039053875e-06,-5.40747313593215e-09,2.42728646071555e-07,0.0003729025775101036,"[512, 512, 3, 3]",torch.float32,optimizer_exp_avg
optimizer.param_102.exp_avg_sq,2359296,0,0,True,4.047050915960762e-14,9.562630548520801e-11,2.129790701438372e-12,2.0207505373875945e-12,4.509471906999352e-09,"[512, 512, 3, 3]",torch.float32,optimizer_exp_avg_sq
optimizer.param_103.exp_avg,512,0,0,True,-1.0725482752604876e-05,1.1067748346249573e-05,1.8917724275979708e-08,4.08172900279169e-06,9.22697436180897e-05,[512],torch.float32,optimizer_exp_avg
optimizer.param_103.exp_avg_sq,512,0,0,True,1.0851917454923754e-11,8.026965758745064e-10,1.3916354180132373e-10,9.431055936204302e-11,3.8027261339834695e-09,[512],torch.float32,optimizer_exp_avg_sq
optimizer.param_104.exp_avg,512,0,0,True,-8.166792213160079e-06,5.922068794461666e-06,-7.213774324554834e-07,2.2454771624325076e-06,5.3319643484428525e-05,[512],torch.float32,optimizer_exp_avg
optimizer.param_104.exp_avg_sq,512,0,0,True,1.0041209183575539e-11,4.0913522569852034e-10,1.0267783845385736e-10,6.622190990013266e-11,2.763836270958109e-09,[512],torch.float32,optimizer_exp_avg_sq
optimizer.param_105.exp_avg,2359296,0,0,True,-2.0795503132831072e-06,2.009089485000004e-06,3.385026303703853e-08,2.1596316912564362e-07,0.00033574822009541094,"[512, 512, 3, 3]",torch.float32,optimizer_exp_avg
optimizer.param_105.exp_avg_sq,2359296,0,0,True,4.429704487333291e-15,6.458975715384341e-11,1.8993005952705477e-12,2.087056439128987e-12,4.334310244047401e-09,"[512, 512, 3, 3]",torch.float32,optimizer_exp_avg_sq
optimizer.param_106.exp_avg,512,0,0,True,-1.544950828247238e-05,1.847788917075377e-05,1.8267768382429495e-06,4.264067229087232e-06,0.0001048796548275277,[512],torch.float32,optimizer_exp_avg
optimizer.param_106.exp_avg_sq,512,0,0,True,1.0125665930726946e-11,1.8632691833886383e-08,6.272288244346669e-10,1.5186814028567142e-09,3.714829333034686e-08,[512],torch.float32,optimizer_exp_avg_sq
optimizer.param_107.exp_avg,512,0,0,True,-1.0443686733196955e-05,1.2646051800402347e-05,8.74444054943524e-08,3.310361307740095e-06,7.4857882282231e-05,[512],torch.float32,optimizer_exp_avg
optimizer.param_107.exp_avg_sq,512,0,0,True,8.908303782140248e-12,2.721969760699494e-09,2.7063057350673603e-10,2.393707454473315e-10,8.171829435354994e-09,[512],torch.float32,optimizer_exp_avg_sq
optimizer.param_108.exp_avg,131072,0,0,True,-1.672357575444039e-05,1.7816922991187312e-05,-3.1778242259861145e-08,1.8659088709682692e-06,0.0006756261573173106,"[256, 512, 1, 1]",torch.float32,optimizer_exp_avg
optimizer.param_108.exp_avg_sq,131072,0,0,True,6.499069511722855e-12,1.7750947378658566e-08,1.027991136659523e-09,1.2724671316632907e-09,5.922316290707386e-07,"[256, 512, 1, 1]",torch.float32,optimizer_exp_avg_sq
optimizer.param_109.exp_avg,256,0,0,True,-1.4733191164850723e-06,1.4494793276753626e-06,-5.835858729597021e-08,6.891847874612722e-07,1.1044937309634406e-05,[256],torch.float32,optimizer_exp_avg
optimizer.param_109.exp_avg_sq,256,0,0,True,1.1652265090311698e-11,7.4226642610142335e-09,9.225780694954722e-10,1.1656468013043764e-09,2.3756498990223918e-08,[256],torch.float32,optimizer_exp_avg_sq
optimizer.param_110.exp_avg,65536,0,0,True,-2.0952920749550685e-05,2.351779767195694e-05,4.2380143838727236e-08,2.5021147393999854e-06,0.0006406281027011573,"[256, 256, 1, 1]",torch.float32,optimizer_exp_avg
optimizer.param_110.exp_avg_sq,65536,0,0,True,8.54159191293613e-12,2.461313819424049e-08,1.4085176358591411e-09,1.863648790845218e-09,5.980244850434246e-07,"[256, 256, 1, 1]",torch.float32,optimizer_exp_avg_sq
optimizer.param_111.exp_avg,256,0,0,True,-6.724678769387538e-07,6.204688816069392e-07,-1.5999326308246964e-08,3.093638270001975e-07,4.946772151015466e-06,[256],torch.float32,optimizer_exp_avg
optimizer.param_111.exp_avg_sq,256,0,0,True,3.2017684944291025e-12,8.972729226286447e-09,6.060525969964203e-10,8.895381098383837e-10,1.719897113616753e-08,[256],torch.float32,optimizer_exp_avg_sq
optimizer.param_112.exp_avg,32768,0,0,True,-1.3134765140421223e-05,1.5921086742309853e-05,5.8383331946743056e-08,2.060614633592195e-06,0.00037315499503165483,"[256, 128, 1, 1]",torch.float32,optimizer_exp_avg
optimizer.param_112.exp_avg_sq,32768,0,0,True,1.700863083188564e-12,6.920689799017055e-09,5.032336769517087e-10,5.668276403802963e-10,1.3720836022912408e-07,"[256, 128, 1, 1]",torch.float32,optimizer_exp_avg_sq
optimizer.param_113.exp_avg,256,0,0,True,-4.117577816487028e-07,4.3431086282907927e-07,-5.143429682163969e-09,1.848319328701109e-07,2.952676368295215e-06,[256],torch.float32,optimizer_exp_avg
optimizer.param_113.exp_avg_sq,256,0,0,True,3.811578656864878e-12,3.231138023807034e-09,3.527462211216914e-10,4.299903766380453e-10,8.88827589307084e-09,[256],torch.float32,optimizer_exp_avg_sq
optimizer.param_114.exp_avg,16384,0,0,True,-8.424664883932564e-06,8.90532373887254e-06,-2.1996759969056257e-09,1.2477922837206279e-06,0.00015971279935911298,"[256, 64, 1, 1]",torch.float32,optimizer_exp_avg
optimizer.param_114.exp_avg_sq,16384,0,0,True,8.635349380003987e-13,1.850757880283993e-09,1.515677028329776e-10,1.6034644445550583e-10,2.8241963434538775e-08,"[256, 64, 1, 1]",torch.float32,optimizer_exp_avg_sq
optimizer.param_115.exp_avg,256,0,0,True,-2.0876775863598596e-07,2.442409936520562e-07,2.2452346648549337e-09,8.375994298148726e-08,1.3380213204072788e-06,[256],torch.float32,optimizer_exp_avg
optimizer.param_115.exp_avg_sq,256,0,0,True,1.591552735956403e-12,6.951327291560006e-10,1.262231430487759e-10,1.297094098795526e-10,2.8929085793549802e-09,[256],torch.float32,optimizer_exp_avg_sq
optimizer.param_116.exp_avg,294912,0,0,True,-1.448630791855976e-05,1.6878315364010632e-05,1.6310366390825948e-08,8.387988827962545e-07,0.0004555997729767114,"[128, 256, 3, 3]",torch.float32,optimizer_exp_avg
optimizer.param_116.exp_avg_sq,294912,0,0,True,4.3700045887712716e-14,6.33302761343657e-08,5.338645081565119e-10,1.677092686946935e-09,9.557684279570822e-07,"[128, 256, 3, 3]",torch.float32,optimizer_exp_avg_sq
optimizer.param_117.exp_avg,128,0,0,True,-1.2401894309732597e-05,3.2541567634325475e-05,1.5440335232597135e-08,4.83202347822953e-06,5.44544163858518e-05,[128],torch.float32,optimizer_exp_avg
optimizer.param_117.exp_avg_sq,128,0,0,True,5.270081788501246e-13,8.877984214450407e-08,1.6573553640597538e-09,7.9244983908211e-09,9.125184163849553e-08,[128],torch.float32,optimizer_exp_avg_sq
optimizer.param_118.exp_avg,128,0,0,True,-3.4618824429344386e-05,2.1677597032976337e-05,-3.4267789033037843e-06,8.022800102480687e-06,9.837416291702539e-05,[128],torch.float32,optimizer_exp_avg
optimizer.param_118.exp_avg_sq,128,0,0,True,4.36156346499475e-13,2.1844813957727638e-08,2.7518152201366775e-09,3.4074665311578656e-09,4.9435346483051035e-08,[128],torch.float32,optimizer_exp_avg_sq
optimizer.param_119.exp_avg,147456,0,0,True,-5.342250733519904e-05,2.0314400899223983e-05,2.5238071543753904e-07,8.266597433248535e-07,0.00033189961686730385,"[128, 128, 3, 3]",torch.float32,optimizer_exp_avg
optimizer.param_119.exp_avg_sq,147456,0,0,True,5.801824302367745e-17,8.872000734072572e-08,1.688098327790044e-09,4.872911407716174e-09,1.98026759790082e-06,"[128, 128, 3, 3]",torch.float32,optimizer_exp_avg_sq
optimizer.param_120.exp_avg,128,0,0,True,-8.55825055623427e-06,3.959377863793634e-05,5.318026197187464e-08,4.1461835280642845e-06,4.6728990128031e-05,[128],torch.float32,optimizer_exp_avg
optimizer.param_120.exp_avg_sq,128,0,0,True,1.3597855330147731e-16,2.413222830455197e-07,2.9860609540577343e-09,2.130981080483707e-08,2.4251397690022714e-07,[128],torch.float32,optimizer_exp_avg_sq
optimizer.param_121.exp_avg,128,0,0,True,-3.67573848052416e-05,4.320581865613349e-06,-4.376023298391374e-06,6.139907782198861e-06,8.508143946528435e-05,[128],torch.float32,optimizer_exp_avg
optimizer.param_121.exp_avg_sq,128,0,0,True,2.006314256711942e-14,6.037935662561722e-08,3.2960996154685063e-09,6.154889042875311e-09,7.875102880916529e-08,[128],torch.float32,optimizer_exp_avg_sq
optimizer.param_122.exp_avg,147456,0,0,True,-8.879410415829625e-06,6.137636319181183e-06,2.694802390124096e-07,8.039231147449755e-07,0.00032558717066422105,"[128, 128, 3, 3]",torch.float32,optimizer_exp_avg
optimizer.param_122.exp_avg_sq,147456,0,0,True,3.4096074656706093e-20,1.6757439880166203e-07,2.7476003694459905e-09,8.574313703491043e-09,3.45741750606976e-06,"[128, 128, 3, 3]",torch.float32,optimizer_exp_avg_sq
optimizer.param_123.exp_avg,128,0,0,True,-7.665639714105055e-05,5.072049589216476e-07,-9.134501851804089e-06,1.5873765732976608e-05,0.00020659432630054653,[128],torch.float32,optimizer_exp_avg
optimizer.param_123.exp_avg_sq,128,0,0,True,1.7457346925328762e-15,7.247839306501191e-08,7.136221391590425e-09,1.3488970829200753e-08,1.721233076068529e-07,[128],torch.float32,optimizer_exp_avg_sq
optimizer.param_124.exp_avg,128,0,0,True,-6.820199632784352e-05,7.878324140619952e-06,-1.0776361705211457e-05,1.663878902036231e-05,0.00022366156917996705,[128],torch.float32,optimizer_exp_avg
optimizer.param_124.exp_avg_sq,128,0,0,True,1.9850236092442547e-13,6.726284595970355e-08,9.275643364503594e-09,1.3810170784722686e-08,1.8770815302104893e-07,[128],torch.float32,optimizer_exp_avg_sq
optimizer.param_125.exp_avg,294912,0,0,True,-5.354887889552629e-06,5.743870588048594e-06,2.5639138812039164e-08,5.892060812584532e-07,0.00032027438282966614,"[128, 256, 3, 3]",torch.float32,optimizer_exp_avg
optimizer.param_125.exp_avg_sq,294912,0,0,True,7.574435599132928e-14,1.549026649172447e-07,1.5006698106390104e-09,5.065809993709536e-09,2.869105628633406e-06,"[128, 256, 3, 3]",torch.float32,optimizer_exp_avg_sq
optimizer.param_126.exp_avg,128,0,0,True,-6.739396212651627e-06,1.4170848771755118e-05,5.3462493099232233e-08,2.454417654007557e-06,2.7666494133882225e-05,[128],torch.float32,optimizer_exp_avg
optimizer.param_126.exp_avg_sq,128,0,0,True,4.0974236265207964e-14,2.0711659942662664e-08,1.4945690240963927e-09,2.9419788827311777e-09,3.721738295325849e-08,[128],torch.float32,optimizer_exp_avg_sq
optimizer.param_127.exp_avg,128,0,0,True,-1.8397820895188488e-05,9.64168066275306e-06,-3.4573995435494e-06,4.967228960595094e-06,6.829040648881346e-05,[128],torch.float32,optimizer_exp_avg
optimizer.param_127.exp_avg_sq,128,0,0,True,6.8836043636000266e-12,3.806178483500844e-08,4.715807300215147e-09,5.4657500747623544e-09,8.149002184154597e-08,[128],torch.float32,optimizer_exp_avg_sq
optimizer.param_128.exp_avg,147456,0,0,True,-4.200792318442836e-06,1.0301117072231136e-05,1.9046250088194938e-07,6.147754447738407e-07,0.00024714236496947706,"[128, 128, 3, 3]",torch.float32,optimizer_exp_avg
optimizer.param_128.exp_avg_sq,147456,0,0,True,1.0763426124977553e-18,2.282694424593501e-07,3.933495751340388e-09,1.0900473412789324e-08,4.4499188334157225e-06,"[128, 128, 3, 3]",torch.float32,optimizer_exp_avg_sq
optimizer.param_129.exp_avg,128,0,0,True,-7.273854862432927e-05,2.588434290373698e-05,-8.940218322095461e-06,1.7328218746115454e-05,0.00021991966059431434,[128],torch.float32,optimizer_exp_avg
optimizer.param_129.exp_avg_sq,128,0,0,True,0.0,8.765486825268454e-08,7.336497187537816e-09,1.3574311452657639e-08,1.7404241248186736e-07,[128],torch.float32,optimizer_exp_avg_sq
optimizer.param_130.exp_avg,128,0,0,True,-5.559752753470093e-05,2.2781541701988317e-05,-8.153903763741255e-06,1.4459441445069388e-05,0.00018725065456237644,[128],torch.float32,optimizer_exp_avg
optimizer.param_130.exp_avg_sq,128,0,0,True,0.0,8.061702772010904e-08,9.552106661203652e-09,1.4825557670405942e-08,1.9898068615020748e-07,[128],torch.float32,optimizer_exp_avg_sq
optimizer.param_131.exp_avg,294912,0,0,True,-4.208086011203704e-06,4.338643975643208e-06,2.325940862135667e-08,5.699935741176887e-07,0.00030979554867371917,"[128, 256, 3, 3]",torch.float32,optimizer_exp_avg
optimizer.param_131.exp_avg_sq,294912,0,0,True,1.5029549328172964e-13,1.0074712974983413e-07,1.4486086774567752e-09,4.045200174829233e-09,2.333320708203246e-06,"[128, 256, 3, 3]",torch.float32,optimizer_exp_avg_sq
optimizer.param_132.exp_avg,128,0,0,True,-9.754382335813716e-05,8.830195838527288e-06,-1.4437811842071824e-05,2.3163758669397794e-05,0.00030793625046499074,[128],torch.float32,optimizer_exp_avg
optimizer.param_132.exp_avg_sq,128,0,0,True,2.642081432108201e-13,4.2695994295627315e-08,6.691093012989313e-09,9.928553090787773e-09,1.3509192342553433e-07,[128],torch.float32,optimizer_exp_avg_sq
optimizer.param_133.exp_avg,128,0,0,True,-9.399686678079888e-05,3.473154720268212e-05,-1.4416564226849005e-05,2.1181858755880967e-05,0.00028910968103446066,[128],torch.float32,optimizer_exp_avg
optimizer.param_133.exp_avg_sq,128,0,0,True,1.1919289340245331e-12,6.952772224622095e-08,1.0788592241794959e-08,1.3106919105609904e-08,1.916139211743939e-07,[128],torch.float32,optimizer_exp_avg_sq
optimizer.param_134.exp_avg,294912,0,0,True,-3.591218728615786e-06,4.3053464651165996e-06,2.600638460137361e-08,5.981361255180673e-07,0.0003251279122196138,"[128, 256, 3, 3]",torch.float32,optimizer_exp_avg
optimizer.param_134.exp_avg_sq,294912,0,0,True,1.4216336712436634e-13,6.09839219123387e-08,1.371159186192017e-09,3.125999237241217e-09,1.8536776451583137e-06,"[128, 256, 3, 3]",torch.float32,optimizer_exp_avg_sq
optimizer.param_135.exp_avg,128,0,0,True,-8.495068323099986e-05,2.4452374418615364e-06,-1.4380036191141699e-05,2.260900873807259e-05,0.00030230244738049805,[128],torch.float32,optimizer_exp_avg
optimizer.param_135.exp_avg_sq,128,0,0,True,5.1098163786171547e-14,4.567751688000499e-08,6.960878540240856e-09,1.0317886101063323e-08,1.4043629903426336e-07,[128],torch.float32,optimizer_exp_avg_sq
optimizer.param_136.exp_avg,128,0,0,True,-6.977833982091397e-05,2.2447638912126422e-05,-1.261423767573433e-05,2.025981666520238e-05,0.00026925018755719066,[128],torch.float32,optimizer_exp_avg
optimizer.param_136.exp_avg_sq,128,0,0,True,1.8343820386290677e-12,4.775706585746775e-08,1.0372040115669279e-08,1.2747680244729054e-08,1.8549411606727517e-07,[128],torch.float32,optimizer_exp_avg_sq
optimizer.param_137.exp_avg,128,0,0,True,-0.0002230789978057146,0.001619607675820589,0.00041964638512581587,0.0004038561601191759,0.006576843559741974,"[1, 128, 1, 1]",torch.float32,optimizer_exp_avg
optimizer.param_137.exp_avg_sq,128,0,0,True,2.150792113297939e-07,3.6223682400304824e-05,9.013841008709278e-06,6.41326914774254e-06,0.00012499370495788753,"[1, 128, 1, 1]",torch.float32,optimizer_exp_avg_sq
optimizer.param_138.exp_avg,1,0,0,True,0.000311940792016685,0.000311940792016685,0.000311940792016685,0.0,0.000311940792016685,[1],torch.float32,optimizer_exp_avg
optimizer.param_138.exp_avg_sq,1,0,0,True,3.3100300242949743e-06,3.3100300242949743e-06,3.3100300242949743e-06,0.0,3.3100300242949743e-06,[1],torch.float32,optimizer_exp_avg_sq
optimizer.param_139.exp_avg,128,0,0,True,-9.783908581084688e-07,0.000341260340064764,7.461311179213226e-05,0.00011430196900619194,0.0015400773845613003,"[1, 128, 1, 1]",torch.float32,optimizer_exp_avg
optimizer.param_139.exp_avg_sq,128,0,0,True,1.4736528444465706e-14,2.211703531429521e-06,4.608415906659502e-07,6.017759801579814e-07,8.554242413083557e-06,"[1, 128, 1, 1]",torch.float32,optimizer_exp_avg_sq
optimizer.param_140.exp_avg,1,0,0,True,0.0002806684060487896,0.0002806684060487896,0.0002806684060487896,0.0,0.0002806684060487896,[1],torch.float32,optimizer_exp_avg
optimizer.param_140.exp_avg_sq,1,0,0,True,1.7468390751673724e-06,1.7468390751673724e-06,1.7468390751673724e-06,0.0,1.7468390751673724e-06,[1],torch.float32,optimizer_exp_avg_sq
optimizer.param_141.exp_avg,128,0,0,True,-5.1919078032369725e-06,0.0003498910809867084,7.565293344669044e-05,0.00012154907744843513,0.001615212531760335,"[1, 128, 1, 1]",torch.float32,optimizer_exp_avg
optimizer.param_141.exp_avg_sq,128,0,0,True,0.0,3.089963229285786e-06,6.838149602117483e-07,8.216795777116204e-07,1.2066407180100214e-05,"[1, 128, 1, 1]",torch.float32,optimizer_exp_avg_sq
optimizer.param_142.exp_avg,1,0,0,True,0.00027385688736103475,0.00027385688736103475,0.00027385688736103475,0.0,0.00027385688736103475,[1],torch.float32,optimizer_exp_avg
optimizer.param_142.exp_avg_sq,1,0,0,True,2.5744618596945656e-06,2.5744618596945656e-06,2.5744618596945656e-06,0.0,2.5744618596945656e-06,[1],torch.float32,optimizer_exp_avg_sq
optimizer.param_143.exp_avg,128,0,0,True,-6.911109812790528e-05,0.00045155815314501524,0.00010673763608792797,0.00017466567805968225,0.002309290459379554,"[1, 128, 1, 1]",torch.float32,optimizer_exp_avg
optimizer.param_143.exp_avg_sq,128,0,0,True,1.7455307199654158e-09,2.6559368961898144e-06,6.682295179416542e-07,6.612298193431343e-07,1.0615247447276488e-05,"[1, 128, 1, 1]",torch.float32,optimizer_exp_avg_sq
optimizer.param_144.exp_avg,1,0,0,True,0.00031267639133147895,0.00031267639133147895,0.00031267639133147895,0.0,0.00031267639133147895,[1],torch.float32,optimizer_exp_avg
optimizer.param_144.exp_avg_sq,1,0,0,True,2.6385896489955485e-06,2.6385896489955485e-06,2.6385896489955485e-06,0.0,2.6385896489955485e-06,[1],torch.float32,optimizer_exp_avg_sq
optimizer.param_145.exp_avg,128,0,0,True,-8.074815559666604e-05,0.0004659248807001859,0.00010224607103737071,0.00017989928892347962,0.0023341684136539698,"[1, 128, 1, 1]",torch.float32,optimizer_exp_avg
optimizer.param_145.exp_avg_sq,128,0,0,True,5.2595296173851835e-11,3.479070983303245e-06,7.930890433271998e-07,8.767880785853777e-07,1.3347019375942182e-05,"[1, 128, 1, 1]",torch.float32,optimizer_exp_avg_sq
optimizer.param_146.exp_avg,1,0,0,True,0.000305890484014526,0.000305890484014526,0.000305890484014526,0.0,0.000305890484014526,[1],torch.float32,optimizer_exp_avg
optimizer.param_146.exp_avg_sq,1,0,0,True,2.8854283300461248e-06,2.8854283300461248e-06,2.8854283300461248e-06,0.0,2.8854283300461248e-06,[1],torch.float32,optimizer_exp_avg_sq
